date;sampling station;lipophylic toxins;lipophylic toxins (OA (µg/kg));lipophylic toxins (DTX2 (µg/kg));PSP toxins;ASP toxins;yessotoxins;ban start;ban stop;data source;comments
15/09/1989;0035;poz;;;;;;;;Sedmak in sod., 1990;
15/09/1989;0024;poz;;;;;;;;Sedmak in sod., 1990;
25/09/1989;0035;;;;;;;y;;Sedmak&Obal 1998;
25/09/1989;0024;;;;;;;y;;Sedmak&Obal 1998;
25/09/1989;0DB2;poz;;;;;;y;;Sedmak&Obal 1998;
10/12/1989;0035;;;;;;;;y;Sedmak in sod., 1990;
19/01/1990;0024;neg;;;;;;;;Sedmak&Obal 1998;
03/03/1990;0024;neg;;;;;;;y;Sedmak&Obal 1998;
03/03/1990;0DB2;neg;;;;;;;y;Sedmak&Obal 1998;
25/07/1990;0035;poz;;;;;;y;;Sedmak&Obal 1998;
25/07/1990;0024;poz;;;;;;y;;Sedmak&Obal 1998;
25/07/1990;0DB2;poz;;;;;;y;;Sedmak&Obal 1998;
02/08/1990;0035;neg;;;;;;;y;Sedmak&Obal 1998;
02/08/1990;0024;neg;;;;;;;y;Sedmak&Obal 1998;
02/08/1990;0DB2;neg;;;;;;;y;Sedmak&Obal 1998;
11/10/1993;0035;poz;;;;;;y;;Sedmak&Obal 1998;
11/10/1993;0024;poz;;;;;;y;;Sedmak&Obal 1998;
11/10/1993;0DB2;poz;;;;;;y;;Sedmak&Obal 1998;
22/11/1993;0035;neg;;;;;;;y;Sedmak&Obal 1998;
22/11/1993;0024;neg;;;;;;;y;Sedmak&Obal 1998;
22/11/1993;0DB2;neg;;;;;;;y;Sedmak&Obal 1998;
09/08/1994;0035;poz;;;;;;y;;Sedmak&Obal 1998;
09/08/1994;0024;poz;;;;;;y;;Sedmak&Obal 1998;
09/08/1994;0DB2;poz;;;;;;y;;Sedmak&Obal 1998;
27/09/1994;0035;neg;;;;;;;y;Sedmak&Obal 1998;
27/09/1994;0024;neg;;;;;;;y;Sedmak&Obal 1998;
27/09/1994;0DB2;neg;;;;;;;y;Sedmak&Obal 1998;
22/09/1995;0035;poz;;;;;;y;;Sedmak&Obal 1998;
22/09/1995;0024;poz;;;;;;y;;Sedmak&Obal 1998;
22/09/1995;0DB2;poz;;;;;;y;;Sedmak&Obal 1998;
03/11/1995;0035;neg;;;;;;;y;Sedmak&Obal 1998;
03/11/1995;0024;neg;;;;;;;y;Sedmak&Obal 1998;
03/11/1995;0DB2;neg;;;;;;;y;Sedmak&Obal 1998;
03/10/1996;0035;poz;;;;;;y;;Sedmak&Obal 1998;
03/10/1996;0024;poz;;;;;;y;;Sedmak&Obal 1998;
03/10/1996;0DB2;poz;;;;;;y;;Sedmak&Obal 1998;
08/11/1996;0035;neg;;;;;;;y;Sedmak&Obal 1998;
08/11/1996;0024;neg;;;;;;;y;Sedmak&Obal 1998;
08/11/1996;0DB2;neg;;;;;;;y;Sedmak&Obal 1998;opustili leta 1996, spet začelo obratovati 2006
01/08/1997;0035;poz;;;;;;y;;Sedmak&Obal 1998;
01/08/1997;0024;poz;;;;;;y;;Sedmak&Obal 1998;
30/10/1997;0035;neg;;;;;;;y;Sedmak&Obal 1998;
30/10/1997;0024;neg;;;;;;;y;Sedmak&Obal 1998;
17/06/1999;0035;neg;;;neg;x;;;;Sedmak in sod., 2003;
17/06/1999;0024;neg;;;neg;x;;;;Sedmak in sod., 2003;
08/07/1999;0035;neg;;;neg;x;;;;Sedmak in sod., 2003;
08/07/1999;0024;neg;;;neg;x;;;;Sedmak in sod., 2003;
21/07/1999;0024;neg;;;x;x;;;;Sedmak in sod., 2003;
22/07/1999;0035;neg;;;x;x;;;;Sedmak in sod., 2003;
22/07/1999;0024;neg;;;x;x;;;;Sedmak in sod., 2003;
05/08/1999;0035;neg;;;x;x;;;;Sedmak in sod., 2003;
13/08/1999;0024;neg;;;x;x;;;;Sedmak in sod., 2003;
25/08/1999;0024;neg;;;x;x;;;;Sedmak in sod., 2003;
02/09/1999;0035;neg;;;x;x;;;;Sedmak in sod., 2003;
02/09/1999;0024;neg;;;x;x;;;;Sedmak in sod., 2003;
09/09/1999;0035;neg;;;x;x;;;;Sedmak in sod., 2003;
09/09/1999;0024;neg;;;x;x;;;;Sedmak in sod., 2003;
10/09/1999;0035;;;;;;;y;;Sedmak in sod., 2003;preventivno, fitoplankton
10/09/1999;0024;;;;;;;y;;Sedmak in sod., 2003;preventivno, fitoplankton
15/09/1999;0035;neg;;;x;x;;;;Sedmak in sod., 2003;
15/09/1999;0024;neg;;;x;x;;;;Sedmak in sod., 2003;
17/09/1999;0035;neg;;;x;x;;;;Sedmak in sod., 2003;
21/09/1999;0024;neg;;;x;x;;;;Sedmak in sod., 2003;
27/09/1999;0035;;;;;;;;y;Sedmak in sod., 2003;
27/09/1999;0024;;;;;;;;y;Sedmak in sod., 2003;
28/09/1999;0035;neg;;;x;x;;;;Sedmak in sod., 2003;
14/10/1999;0035;neg;;;x;x;;;;Sedmak in sod., 2003;
15/11/1999;0024;poz;;;x;x;;;;Sedmak in sod., 2003;
17/11/1999;0035;;;;;;;y;;Sedmak in sod., 2003;
17/11/1999;0024;;;;;;;y;;Sedmak in sod., 2003;
19/11/1999;0035;poz;;;neg;x;;;;Sedmak in sod., 2003;
06/12/1999;0024;neg;;;x;x;;;;Sedmak in sod., 2003;
13/12/1999;0024;neg;;;x;x;;;;Sedmak in sod., 2003;
14/12/1999;0035;neg;;;x;x;;;;Sedmak in sod., 2003;
17/12/1999;0035;;;;;;;;y;Sedmak in sod., 2003;
17/12/1999;0024;;;;;;;;y;Sedmak in sod., 2003;
26/05/2000;0035;x;;;neg;x;;;;Sedmak in sod., 2003;
26/05/2000;0024;x;;;neg;x;;;;Sedmak in sod., 2003;
09/06/2000;0035;neg;;;neg;x;;;;Sedmak in sod., 2003;
09/06/2000;0024;neg;;;neg;x;;;;Sedmak in sod., 2003;
22/06/2000;0035;neg;;;neg;x;;;;Sedmak in sod., 2003;
22/06/2000;0024;neg;;;neg;x;;;;Sedmak in sod., 2003;
05/07/2000;0035;neg;;;x;x;;;;Sedmak in sod., 2003;
05/07/2000;0024;neg;;;x;x;;;;Sedmak in sod., 2003;
21/07/2000;0035;neg;;;x;x;;;;Sedmak in sod., 2003;
21/07/2000;0024;neg;;;x;x;;;;Sedmak in sod., 2003;
08/08/2000;0035;neg;;;x;x;;;;Sedmak in sod., 2003;
08/08/2000;0024;neg;;;x;x;;;;Sedmak in sod., 2003;
23/08/2000;0035;neg;;;x;x;;;;Sedmak in sod., 2003;
30/08/2000;0035;neg;;;x;x;;;;Sedmak in sod., 2003;
05/09/2000;0035;neg;;;x;x;;;;Sedmak in sod., 2003;
05/09/2000;0024;neg;;;x;x;;;;Sedmak in sod., 2003;
12/09/2000;0035;neg;;;x;x;;;;Sedmak in sod., 2003;
12/09/2000;0024;neg;;;x;x;;;;Sedmak in sod., 2003;
20/09/2000;0035;neg;;;x;x;;;;Sedmak in sod., 2003;
20/09/2000;0024;neg;;;x;x;;;;Sedmak in sod., 2003;
27/09/2000;0035;neg;;;x;x;;;;Sedmak in sod., 2003;
27/09/2000;0024;neg;;;x;x;;;;Sedmak in sod., 2003;
04/10/2000;0035;neg;;;x;x;;;;Sedmak in sod., 2003;
04/10/2000;0024;neg;;;x;x;;;;Sedmak in sod., 2003;
10/10/2000;0035;neg;;;x;x;;;;Sedmak in sod., 2003;
10/10/2000;0024;neg;;;x;x;;;;Sedmak in sod., 2003;
18/10/2000;0035;neg;;;x;x;;;;Sedmak in sod., 2003;
25/10/2000;0035;neg;;;x;x;;;;Sedmak in sod., 2003;
25/10/2000;0024;neg;;;x;x;;;;Sedmak in sod., 2003;
08/11/2000;0024;neg;;;x;x;;;;Sedmak in sod., 2003;
15/11/2000;0024;neg;;;x;x;;;;Sedmak in sod., 2003;
22/11/2000;0035;neg;;;x;x;;;;Sedmak in sod., 2003;
22/11/2000;0024;neg;;;x;x;;;;Sedmak in sod., 2003;
30/11/2000;0024;neg;;;x;x;;;;Sedmak in sod., 2003;
13/12/2000;0035;neg;;;x;x;;;;Sedmak in sod., 2003;
13/12/2000;0024;neg;;;x;x;;;;Sedmak in sod., 2003;
27/12/2000;0024;neg;;;x;x;;;;Sedmak in sod., 2003;
30/05/2001;0024;x;;;neg;x;;;;Sedmak in sod., 2003;
06/06/2001;0035;neg;;;neg;x;;;;Sedmak in sod., 2003;
13/06/2001;0024;x;;;neg;x;;;;Sedmak in sod., 2003;
20/06/2001;0035;neg;;;neg;x;;;;Sedmak in sod., 2003;
27/06/2001;0024;neg;;;neg;x;;;;Sedmak in sod., 2003;
03/07/2001;0035;neg;;;x;x;;;;Sedmak in sod., 2003;
09/07/2001;0024;neg;;;x;x;;;;Sedmak in sod., 2003;
16/07/2001;0035;poz;;;x;x;;;;Sedmak in sod., 2003;
19/07/2001;0035;poz;;;x;x;;y;;Sedmak in sod., 2003;
19/07/2001;0024;;;;;;;y;;Sedmak in sod., 2003;
23/07/2001;0035;neg;;;x;x;;;;Sedmak in sod., 2003;
23/07/2001;0024;neg;;;x;x;;;;Sedmak in sod., 2003;
30/07/2001;0035;neg;;;x;x;;;;Sedmak in sod., 2003;
30/07/2001;0024;neg;;;x;x;;;;Sedmak in sod., 2003;
01/08/2001;0035;neg;;;x;x;;;y;Sedmak in sod., 2003;
01/08/2001;0024;;;;;;;;y;Sedmak in sod., 2003;
06/08/2001;0035;neg;;;x;x;;;;Sedmak in sod., 2003;
06/08/2001;0024;neg;;;x;x;;;;Sedmak in sod., 2003;
13/08/2001;0035;neg;;;x;x;;;;Sedmak in sod., 2003;
13/08/2001;0024;neg;;;x;x;;;;Sedmak in sod., 2003;
20/08/2001;0035;neg;;;x;x;;;;Sedmak in sod., 2003;
20/08/2001;0024;neg;;;x;x;;;;Sedmak in sod., 2003;
27/08/2001;0035;neg;;;x;x;;;;Sedmak in sod., 2003;
27/08/2001;0024;neg;;;x;x;;;;Sedmak in sod., 2003;
03/09/2001;0035;neg;;;x;x;;;;Sedmak in sod., 2003;
03/09/2001;0024;neg;;;x;x;;;;Sedmak in sod., 2003;
12/09/2001;0035;neg;;;x;x;;;;Sedmak in sod., 2003;
17/09/2001;0035;neg;;;x;x;;;;Sedmak in sod., 2003;
19/09/2001;0035;neg;;;x;< 3 mg DA/kg;;;;Veterinarska fakulteta;
19/09/2001;0024;neg;;;x;< 3 mg DA/kg;;;;Veterinarska fakulteta;
24/09/2001;0035;neg;;;x;x;;;;Sedmak in sod., 2003;
01/10/2001;0035;neg;;;neg;x;;;;Sedmak in sod., 2003;
01/10/2001;0024;neg;;;neg;x;;;;Sedmak in sod., 2003;
08/10/2001;0035;neg;;;neg;x;;;;Sedmak in sod., 2003;
08/10/2001;0024;neg;;;neg;x;;;;Sedmak in sod., 2003;
15/10/2001;0035;neg;;;neg;x;;;;Sedmak in sod., 2003;
15/10/2001;0024;neg;;;neg;x;;;;Sedmak in sod., 2003;
22/10/2001;0035;neg;;;x;x;;;;Sedmak in sod., 2003;
22/10/2001;0024;neg;;;x;x;;;;Sedmak in sod., 2003;
26/10/2001;0024;neg;;;x;x;;;;Sedmak in sod., 2003;
29/10/2001;0035;neg;;;x;x;;;;Sedmak in sod., 2003;
06/11/2001;0035;neg;;;x;x;;;;Sedmak in sod., 2003;
12/11/2001;0035;neg;;;x;x;;;;Sedmak in sod., 2003;
19/11/2001;0035;neg;;;x;x;;;;Sedmak in sod., 2003;
26/11/2001;0035;neg;;;x;x;;;;Sedmak in sod., 2003;
13/05/2002;0035;poz;;;neg;x;;;;Sedmak in sod., 2003;
13/05/2002;0024;poz;;;neg;x;;;;Sedmak in sod., 2003;
15/05/2002;0035;poz;;;x;x;;y;;Sedmak in sod., 2003;
15/05/2002;0024;poz;;;x;x;;y;;Sedmak in sod., 2003;
27/05/2002;0035;poz;;;x;x;;;;Sedmak in sod., 2003;
27/05/2002;0024;neg;;;x;x;;;;Sedmak in sod., 2003;
03/06/2002;0035;neg;;;x;x;;;;Sedmak in sod., 2003;
03/06/2002;0024;poz;;;x;x;;;;Sedmak in sod., 2003;
10/06/2002;0035;neg;;;x;x;;;;Sedmak in sod., 2003;
10/06/2002;0024;poz;;;x;x;;;;Sedmak in sod., 2003;
17/06/2002;0035;neg;;;x;x;;;y;Sedmak in sod., 2003;
17/06/2002;0024;neg;;;x;x;;;y;Sedmak in sod., 2003;
21/06/2002;0035;neg;;;x;x;;;;Sedmak in sod., 2003;
21/06/2002;0024;neg;;;x;x;;;;Sedmak in sod., 2003;
26/06/2002;0035;poz;;;neg;x;;;;Sedmak in sod., 2003;
26/06/2002;0024;neg;;;neg;x;;;;Sedmak in sod., 2003;
04/07/2002;0035;poz;;;x;x;;y;;Sedmak in sod., 2003;
04/07/2002;0024;poz;;;x;x;;y;;Sedmak in sod., 2003;
08/07/2002;0024;neg;;;x;x;;;;Sedmak in sod., 2003;
11/07/2002;0024;neg;;;x;x;;;y;Sedmak in sod., 2003;
15/07/2002;0035;neg;;;x;x;;;;Sedmak in sod., 2003;
15/07/2002;0024;unreliable;;;x;x;;;;Sedmak in sod., 2003;nezanesljivo
22/07/2002;0035;neg;;;x;x;;;;Sedmak in sod., 2003;
22/07/2002;0024;neg;;;x;x;;;;Sedmak in sod., 2003;
24/07/2002;0035;neg;;;x;x;;;y;Sedmak in sod., 2003;
24/07/2002;0024;neg;;;x;x;;;;Sedmak in sod., 2003;
31/07/2002;0035;neg;;;x;x;;;;Sedmak in sod., 2003;
12/08/2002;0035;poz;;;x;x;;;;Sedmak in sod., 2003;
12/08/2002;0024;poz;;;x;x;;;;Sedmak in sod., 2003;
14/08/2002;0035;poz;;;x;x;;y;;Sedmak in sod., 2003;
14/08/2002;0024;poz;;;x;x;;y;;Sedmak in sod., 2003;
19/08/2002;0035;neg;;;x;x;;;;Sedmak in sod., 2003;
19/08/2002;0024;neg;;;x;x;;;;Sedmak in sod., 2003;
26/08/2002;0035;neg;;;x;x;;;;Sedmak in sod., 2003;
26/08/2002;0024;neg;;;x;x;;;;Sedmak in sod., 2003;
28/08/2002;0035;neg;;;x;x;;;y;Sedmak in sod., 2003;
28/08/2002;0024;neg;;;x;x;;;y;Sedmak in sod., 2003;
02/09/2002;0035;neg;;;x;x;;;;Sedmak in sod., 2003;
02/09/2002;0024;neg;;;x;x;;;;Sedmak in sod., 2003;
10/09/2002;0035;neg;;;x;x;;;;Sedmak in sod., 2003;
10/09/2002;0024;neg;;;x;x;;;;Sedmak in sod., 2003;
16/09/2002;0035;neg;;;x;x;;;;Sedmak in sod., 2003;
16/09/2002;0024;neg;;;x;x;;;;Sedmak in sod., 2003;
24/09/2002;0035;neg;;;x;x;;;;Sedmak in sod., 2003;
24/09/2002;0024;neg;;;x;x;;;;Sedmak in sod., 2003;
30/09/2002;0035;poz;;;x;x;;;;Sedmak in sod., 2003;
30/09/2002;0024;unreliable;;;x;x;;;;Sedmak in sod., 2003;nezanesljivo
02/10/2002;0035;poz;;;x;x;;y;;Sedmak in sod., 2003;
02/10/2002;0024;poz;;;x;x;;y;;Sedmak in sod., 2003;
07/10/2002;0035;neg;;;x;x;;;;Sedmak in sod., 2003;
07/10/2002;0024;neg;;;x;x;;;;Sedmak in sod., 2003;
09/10/2002;0035;neg;;;x;x;;;y;Sedmak in sod., 2003;
09/10/2002;0024;neg;;;x;x;;;y;Sedmak in sod., 2003;
14/10/2002;0035;neg;;;x;neg;;;;Sedmak in sod., 2003;
14/10/2002;0024;neg;;;x;neg;;;;Sedmak in sod., 2003;
21/10/2002;0035;neg;;;x;x;;;;Sedmak in sod., 2003;
21/10/2002;0024;neg;;;x;x;;;;Sedmak in sod., 2003;
04/11/2002;0035;neg;;;x;x;;;;Sedmak in sod., 2003;
04/11/2002;0024;neg;;;x;x;;;;Sedmak in sod., 2003;
18/11/2002;0024;neg;;;x;x;;;;Sedmak in sod., 2003;
25/11/2002;0035;neg;;;x;x;;;;Sedmak in sod., 2003;
09/06/2003;0024;neg;;;? (no data);? (no data);;;;France&Mozetič, 2006;podatki samo za DSP teste
10/06/2003;0035;neg;;;? (no data);? (no data);;;;France&Mozetič, 2006;podatki samo za DSP teste
23/06/2003;0035;neg;;;? (no data);? (no data);;;;France&Mozetič, 2006;podatki samo za DSP teste
23/06/2003;0024;neg;;;? (no data);? (no data);;;;France&Mozetič, 2006;podatki samo za DSP teste
07/07/2003;0035;neg;;;? (no data);? (no data);;;;France&Mozetič, 2006;podatki samo za DSP teste
07/07/2003;0024;neg;;;? (no data);? (no data);;;;France&Mozetič, 2006;podatki samo za DSP teste
21/07/2003;0024;neg;;;? (no data);? (no data);;;;France&Mozetič, 2006;podatki samo za DSP teste
23/07/2003;0035;neg;;;? (no data);? (no data);;;;France&Mozetič, 2006;podatki samo za DSP teste
04/08/2003;0024;neg;;;? (no data);? (no data);;;;France&Mozetič, 2006;podatki samo za DSP teste
05/08/2003;0035;neg;;;? (no data);? (no data);;;;France&Mozetič, 2006;podatki samo za DSP teste
11/08/2003;0035;neg;;;? (no data);? (no data);;;;France&Mozetič, 2006;podatki samo za DSP teste
11/08/2003;0024;neg;;;? (no data);? (no data);;;;France&Mozetič, 2006;podatki samo za DSP teste
19/08/2003;0035;neg;;;? (no data);? (no data);;;;France&Mozetič, 2006;podatki samo za DSP teste
19/08/2003;0024;neg;;;? (no data);? (no data);;;;France&Mozetič, 2006;podatki samo za DSP teste
26/08/2003;0035;neg;;;? (no data);? (no data);;;;France&Mozetič, 2006;podatki samo za DSP teste
26/08/2003;0024;neg;;;? (no data);? (no data);;;;France&Mozetič, 2006;podatki samo za DSP teste
09/09/2003;0035;neg;;;? (no data);? (no data);;;;France&Mozetič, 2006;podatki samo za DSP teste
09/09/2003;0024;neg;;;? (no data);? (no data);;;;France&Mozetič, 2006;podatki samo za DSP teste
16/09/2003;0035;neg;;;? (no data);? (no data);;;;France&Mozetič, 2006;podatki samo za DSP teste
16/09/2003;0024;neg;;;? (no data);? (no data);;;;France&Mozetič, 2006;podatki samo za DSP teste
23/09/2003;0035;neg;;;? (no data);? (no data);;;;France&Mozetič, 2006;podatki samo za DSP teste
23/09/2003;0024;neg;;;? (no data);? (no data);;;;France&Mozetič, 2006;podatki samo za DSP teste
06/10/2003;0024;neg;;;? (no data);? (no data);;;;France&Mozetič, 2006;podatki samo za DSP teste
14/10/2003;0024;neg;;;? (no data);? (no data);;;;France&Mozetič, 2006;podatki samo za DSP teste
20/10/2003;0024;neg;;;? (no data);? (no data);;;;France&Mozetič, 2006;podatki samo za DSP teste
21/10/2003;0035;neg;;;? (no data);? (no data);;;;France&Mozetič, 2006;podatki samo za DSP teste
27/10/2003;0024;neg;;;? (no data);? (no data);;;;France&Mozetič, 2006;podatki samo za DSP teste
01/12/2003;0035;neg;;;? (no data);? (no data);;;;France&Mozetič, 2006;podatki samo za DSP teste
02/12/2003;0024;neg;;;? (no data);? (no data);;;;France&Mozetič, 2006;podatki samo za DSP teste
25/05/2004;0024;neg;;;neg;x;;;;Veterinarska fakulteta;
27/05/2004;0035;neg;;;neg;x;;;;Veterinarska fakulteta;
08/06/2004;0024;neg;;;neg;x;;;;Veterinarska fakulteta;
21/06/2004;0035;neg;;;neg;x;;;;Veterinarska fakulteta;
22/06/2004;0024;neg;;;neg;x;;;;Veterinarska fakulteta;
05/07/2004;0035;neg;;;neg;x;;;;Veterinarska fakulteta;
06/07/2004;0024;neg;;;neg;x;;;;Veterinarska fakulteta;
19/07/2004;0035;neg;;;neg;x;;;;Veterinarska fakulteta;
20/07/2004;0024;? (no data);;;? (no data);x;;;;Veterinarska fakulteta;ni izvida
09/08/2004;0024;neg;;;neg;x;;;;Veterinarska fakulteta;
11/08/2004;0035;neg;;;x;x;;;;Veterinarska fakulteta;
25/08/2004;0035;neg;;;x;x;;;;Veterinarska fakulteta;
02/09/2004;0035;neg;;;x;x;;;;Veterinarska fakulteta;
06/09/2004;0024;neg;;;x;x;;;;Veterinarska fakulteta;
13/09/2004;0035;poz;;;x;x;;;;Veterinarska fakulteta;
14/09/2004;0035;;;;;;;y;;Veterinarska fakulteta;
16/09/2004;0024;neg;;;x;x;;;;Veterinarska fakulteta;
20/09/2004;0024;poz;;;x;x;;;;Veterinarska fakulteta;
21/09/2004;0024;;;;;;;y;;Veterinarska fakulteta;
23/09/2004;0024;neg;;;neg;< 0,2 mg DA/kg;;;;Veterinarska fakulteta;analize Cesenatico
05/10/2004;0024;neg;;;x;x;;;;Veterinarska fakulteta;
05/10/2004;0024;poz;;;x;x;;;;Veterinarska fakulteta;analize Cesenatico
13/10/2004;0024;neg;;;neg;x;;;;Veterinarska fakulteta;
14/10/2004;0024;;;;;;;;y;Veterinarska fakulteta;
21/10/2004;0035;neg;;;x;x;;;;Veterinarska fakulteta;
26/10/2004;0024;poz;;;x;x;;;;Veterinarska fakulteta;
27/10/2004;0024;;;;;;;y;;Veterinarska fakulteta;
02/11/2004;0035;neg;;;x;x;;;;Veterinarska fakulteta;
03/11/2004;0035;;;;;;;;y;Veterinarska fakulteta;
08/11/2004;0024;neg;;;x;x;;;;Veterinarska fakulteta;
12/11/2004;0024;neg;;;x;x;;;;Veterinarska fakulteta;
13/11/2004;0024;;;;;;;;y;Veterinarska fakulteta;
22/11/2004;0035;neg;;;x;x;;;;Veterinarska fakulteta;
23/02/2005;0035;neg;;;x;x;;;;Veterinarska fakulteta;
11/07/2005;0024;neg;;;neg;x;;;;Veterinarska fakulteta;
12/07/2005;0035;neg;;;neg;x;;;;Veterinarska fakulteta;
09/08/2005;0035;neg;;;x;x;;;;Veterinarska fakulteta;
09/08/2005;0024;neg;;;x;x;;;;Veterinarska fakulteta;
11/08/2005;0024;x;;;x;x;;;;Veterinarska fakulteta;
16/08/2005;0035;x;;;x;x;;;;Veterinarska fakulteta;
05/09/2005;0035;neg;;;x;x;;;;Veterinarska fakulteta;
20/09/2005;0024;neg;;;x;x;;;;Veterinarska fakulteta;
26/09/2005;0035;neg;;;x;x;;;;Veterinarska fakulteta;
11/10/2005;0035;neg;;;x;x;;;;Veterinarska fakulteta;
17/10/2005;0024;neg;;;x;x;;;;Veterinarska fakulteta;
02/11/2005;0035;neg;;;x;x;;;;Veterinarska fakulteta;
02/11/2005;0024;neg;;;x;x;;;;Veterinarska fakulteta;
08/11/2005;0024;neg;;;x;x;;;;Veterinarska fakulteta;
09/11/2005;0035;neg;;;x;x;;;;Veterinarska fakulteta;
14/11/2005;0024;neg;;;x;x;;;;Veterinarska fakulteta;
15/11/2005;0035;neg;;;x;x;;;;Veterinarska fakulteta;
28/11/2005;0024;poz;;;neg;< 0,2 mg DA/kg;;y;;Veterinarska fakulteta;analize Cesenatico
05/12/2005;0035;neg;;;x;x;;;;Veterinarska fakulteta;
05/12/2005;0024;neg;;;x;x;;;y;Veterinarska fakulteta;
03/05/2006;0035;neg;;;neg;x;;;;Veterinarska fakulteta;
03/05/2006;0024;neg;;;neg;x;;;;Veterinarska fakulteta;
23/05/2006;0035;neg;;;neg;< 0,2 mg DA/kg;;;;Veterinarska fakulteta;ASP analiza Cesenatico
23/05/2006;0024;neg;;;neg;< 0,2 mg DA/kg;;;;Veterinarska fakulteta;ASP analiza Cesenatico
06/06/2006;0035;neg;;;neg;< 0,2 mg DA/kg;;;;Veterinarska fakulteta;ASP analiza Cesenatico
06/06/2006;0DB2;x;;;x;< 0,2 mg DA/kg;;;;Veterinarska fakulteta;ASP analiza Cesenatico
07/06/2006;0024;neg;;;neg;< 0,2 mg DA/kg;;;;Veterinarska fakulteta;ASP analiza Cesenatico
19/06/2006;0035;neg;;;neg;< 0,2 mg DA/kg;;;;Veterinarska fakulteta;ASP analiza Cesenatico
20/06/2006;0024;neg;;;neg;< 0,2 mg DA/kg;;;;Veterinarska fakulteta;ASP analiza Cesenatico
20/06/2006;0DB2;x;;;x;< 0,2 mg DA/kg;;;;Veterinarska fakulteta;ASP analiza Cesenatico
05/07/2006;0035;neg;;;neg;< 0,2 mg DA/kg;;;;Veterinarska fakulteta;ASP analiza Cesenatico
05/07/2006;0024;neg;;;neg;< 0,2 mg DA/kg;;;;Veterinarska fakulteta;ASP analiza Cesenatico
05/07/2006;0DB2;x;;;x;< 0,2 mg DA/kg;;;;Veterinarska fakulteta;ASP analiza Cesenatico
12/07/2006;0035;neg;;;x;x;;;;Veterinarska fakulteta;
12/07/2006;0024;x;;;neg;x;;;;Veterinarska fakulteta;
12/07/2006;0DB2;x;;;x;? (no data);;;;Veterinarska fakulteta;ni izvida
20/07/2006;0035;neg;;;neg;< 0,2 mg DA/kg;;;;Veterinarska fakulteta;ASP analiza Cesenatico
20/07/2006;0024;neg;;;neg;< 0,2 mg DA/kg;;;;Veterinarska fakulteta;ASP analiza Cesenatico
20/07/2006;0DB2;neg;;;neg;< 0,2 mg DA/kg;;;;Veterinarska fakulteta;ASP analiza Cesenatico
26/07/2006;0035;x;;;neg;< 0,2 mg DA/kg;;;;Veterinarska fakulteta;analize Cesenatico
26/07/2006;0024;x;;;neg;< 0,2 mg DA/kg;;;;Veterinarska fakulteta;analize Cesenatico
26/07/2006;0DB2;x;;;neg;< 0,2 mg DA/kg;;;;Veterinarska fakulteta;analize Cesenatico
02/08/2006;0035;neg;;;neg;< 0,2 mg DA/kg;;;;Veterinarska fakulteta;ASP analiza Cesenatico
02/08/2006;0024;neg;;;neg;< 0,2 mg DA/kg;;;;Veterinarska fakulteta;ASP analiza Cesenatico
02/08/2006;0DB2;x;;;x;< 0,2 mg DA/kg;;;;Veterinarska fakulteta;ASP analiza Cesenatico
09/08/2006;0035;poz;;;neg;0,2 mg DA/kg (neg);;;;Veterinarska fakulteta;ASP analiza Cesenatico
09/08/2006;0024;poz;;;neg;< 0,2 mg DA/kg;;;;Veterinarska fakulteta;ASP analiza Cesenatico
09/08/2006;0DB2;x;;;x;< 0,2 mg DA/kg;;;;Veterinarska fakulteta;ASP analiza Cesenatico
12/08/2006;0035;;;;;;;y;;Veterinarska fakulteta;
12/08/2006;0024;;;;;;;y;;Veterinarska fakulteta;
22/08/2006;0035;neg;;;x;x;;;;Veterinarska fakulteta;
22/08/2006;0024;neg;;;x;x;;;;Veterinarska fakulteta;
28/08/2006;0035;neg;;;x;x;;;;Veterinarska fakulteta;
28/08/2006;0024;neg;;;x;x;;;;Veterinarska fakulteta;
31/08/2006;0035;;;;;;;;y;Veterinarska fakulteta;
31/08/2006;0024;;;;;;;;y;Veterinarska fakulteta;
31/08/2006;0DB2;neg;;;neg;x;;;;Veterinarska fakulteta;
07/09/2006;0035;neg;;;neg;< 0,2 mg DA/kg;;;;Veterinarska fakulteta;ASP analiza Cesenatico
07/09/2006;0024;neg;;;neg;< 0,2 mg DA/kg;;;;Veterinarska fakulteta;ASP analiza Cesenatico
07/09/2006;0DB2;neg;;;neg;< 0,2 mg DA/kg;;;;Veterinarska fakulteta;ASP analiza Cesenatico
13/09/2006;0035;neg;;;neg;< 0,2 mg DA/kg;;;;Veterinarska fakulteta;ASP analiza Cesenatico
13/09/2006;0024;neg;;;neg;< 0,2 mg DA/kg;;;;Veterinarska fakulteta;ASP analiza Cesenatico
13/09/2006;0DB2;neg;;;neg;< 0,2 mg DA/kg;;;;Veterinarska fakulteta;ASP analiza Cesenatico
20/09/2006;0035;neg;;;neg;< 0,2 mg DA/kg;;;;Veterinarska fakulteta;ASP analiza Cesenatico
20/09/2006;0024;neg;;;neg;< 0,2 mg DA/kg;;;;Veterinarska fakulteta;ASP analiza Cesenatico
20/09/2006;0DB2;neg;;;neg;< 0,2 mg DA/kg;;;;Veterinarska fakulteta;ASP analiza Cesenatico
27/09/2006;0035;neg;;;neg;x;;;;Veterinarska fakulteta;
28/09/2006;0035;x;;;x;< 0,2 mg DA/kg;;;;Veterinarska fakulteta;ASP analiza Cesenatico
28/09/2006;0024;neg;;;neg;< 0,2 mg DA/kg;;;;Veterinarska fakulteta;ASP analiza Cesenatico
28/09/2006;0DB2;neg;;;neg;< 0,2 mg DA/kg;;;;Veterinarska fakulteta;ASP analiza Cesenatico
03/10/2006;0035;poz;;;neg;x;;;;Veterinarska fakulteta;
04/10/2006;0035;x;;;x;< 0,2 mg DA/kg;;;;Veterinarska fakulteta;ASP analiza Cesenatico
04/10/2006;0024;neg;;;neg;< 0,2 mg DA/kg;;;;Veterinarska fakulteta;ASP analiza Cesenatico
04/10/2006;0DB2;neg;;;neg;< 0,2 mg DA/kg;;;;Veterinarska fakulteta;ASP analiza Cesenatico
06/10/2006;0035;;;;;;;y;;Veterinarska fakulteta;
09/10/2006;0035;poz;;;x;< 0,2 mg DA/kg;;;;Veterinarska fakulteta;analize Cesenatico
09/10/2006;0024;poz;;;neg;< 0,2 mg DA/kg;;;;Veterinarska fakulteta;ASP analiza Cesenatico
09/10/2006;0DB2;neg;;;neg;< 0,2 mg DA/kg;;;;Veterinarska fakulteta;ASP analiza Cesenatico
12/10/2006;0024;;;;;;;y;;Veterinarska fakulteta;
19/10/2006;0DB2;neg;;;neg;x;;;;Veterinarska fakulteta;
25/10/2006;0035;neg;;;x;x;;;;Veterinarska fakulteta;
25/10/2006;0DB2;neg;;;neg;x;;;;Veterinarska fakulteta;
26/10/2006;0024;neg;;;x;x;;;;Veterinarska fakulteta;
02/11/2006;0035;neg;;;x;x;;;;Veterinarska fakulteta;
02/11/2006;0024;neg;;;x;x;;;;Veterinarska fakulteta;
06/11/2006;0035;;;;;;;;y;Veterinarska fakulteta;
06/11/2006;0024;;;;;;;;y;Veterinarska fakulteta;
08/11/2006;0035;neg;;;neg;< 0,2 mg DA/kg;;;;Veterinarska fakulteta;analize Cesenatico
08/11/2006;0024;neg;;;neg;< 0,2 mg DA/kg;;;;Veterinarska fakulteta;ASP analiza Cesenatico
08/11/2006;0DB2;neg;;;neg;< 0,2 mg DA/kg;;;;Veterinarska fakulteta;ASP analiza Cesenatico
15/11/2006;0DB2;neg;;;neg;x;;;;Veterinarska fakulteta;
16/11/2006;0035;neg;;;neg;< 0,2 mg DA/kg;;;;Veterinarska fakulteta;ASP analiza Cesenatico
16/11/2006;0024;neg;;;neg;< 0,2 mg DA/kg;;;;Veterinarska fakulteta;ASP analiza Cesenatico
16/11/2006;0DB2;x;;;x;< 0,2 mg DA/kg;;;;Veterinarska fakulteta;ASP analiza Cesenatico
23/11/2006;0035;neg;;;neg;< 0,2 mg DA/kg;;;;Veterinarska fakulteta;ASP analiza Cesenatico
23/11/2006;0024;neg;;;neg;< 0,2 mg DA/kg;;;;Veterinarska fakulteta;ASP analiza Cesenatico
23/11/2006;0DB2;neg;;;neg;< 0,2 mg DA/kg;;;;Veterinarska fakulteta;ASP analiza Cesenatico
29/11/2006;0035;neg;;;neg;< 0,2 mg DA/kg;;;;Veterinarska fakulteta;ASP analiza Cesenatico
29/11/2006;0024;neg;;;neg;< 0,2 mg DA/kg;;;;Veterinarska fakulteta;ASP analiza Cesenatico
29/11/2006;0DB2;neg;;;neg;< 0,2 mg DA/kg;;;;Veterinarska fakulteta;ASP analiza Cesenatico
22/01/2007;0DB2;neg;;;x;x;;;;Veterinarska fakulteta;
09/05/2007;0035;poz;;;neg;neg;;;;Veterinarska fakulteta;
09/05/2007;0DB2;poz;;;neg;neg;;;;Veterinarska fakulteta;
10/05/2007;0024;poz;;;neg;neg;;;;Veterinarska fakulteta;
12/05/2007;0035;;;;;;;y;;Veterinarska fakulteta;
15/05/2007;0024;;;;;;;y;;Veterinarska fakulteta;
15/05/2007;0DB2;;;;;;;y;;Veterinarska fakulteta;
21/05/2007;0024;neg;;;x;x;;;;Veterinarska fakulteta;
24/05/2007;0035;neg;;;x;x;;;;Veterinarska fakulteta;
25/05/2007;0DB2;neg;;;x;x;;;;Veterinarska fakulteta;
28/05/2007;0024;neg;;;neg;neg;;;;Veterinarska fakulteta;
30/05/2007;0035;neg;;;neg;neg;;;;Veterinarska fakulteta;
30/05/2007;0DB2;neg;;;neg;neg;;;;Veterinarska fakulteta;
01/06/2007;0024;;;;;;;;y;Veterinarska fakulteta;
02/06/2007;0035;;;;;;;;y;Veterinarska fakulteta;
02/06/2007;0DB2;;;;;;;;y;Veterinarska fakulteta;
06/06/2007;0DB2;x;;;neg;neg;;;;Veterinarska fakulteta;
07/06/2007;0035;x;;;neg;neg;;;;Veterinarska fakulteta;
07/06/2007;0024;x;;;neg;neg;;;;Veterinarska fakulteta;
12/06/2007;0035;neg;;;neg;neg;;;;Veterinarska fakulteta;
13/06/2007;0024;neg;;;neg;neg;;;;Veterinarska fakulteta;
13/06/2007;0DB2;neg;;;neg;neg;;;;Veterinarska fakulteta;
20/06/2007;0024;neg;;;neg;neg;;;;Veterinarska fakulteta;
20/06/2007;0DB2;neg;;;neg;neg;;;;Veterinarska fakulteta;
21/06/2007;0035;neg;;;neg;neg;;;;Veterinarska fakulteta;
27/06/2007;0035;x;;;neg;neg;;;;Veterinarska fakulteta;
27/06/2007;0024;x;;;neg;neg;;;;Veterinarska fakulteta;
28/06/2007;0DB2;x;;;neg;neg;;;;Veterinarska fakulteta;
04/07/2007;0035;neg;;;neg;neg;;;;Veterinarska fakulteta;
04/07/2007;0024;neg;;;neg;neg;;;;Veterinarska fakulteta;
04/07/2007;0DB2;neg;;;neg;neg;;;;Veterinarska fakulteta;
13/07/2007;0035;x;;;neg;neg;;;;Veterinarska fakulteta;
13/07/2007;0024;x;;;neg;neg;;;;Veterinarska fakulteta;
13/07/2007;0DB2;x;;;neg;neg;;;;Veterinarska fakulteta;
17/07/2007;0024;neg;;;neg;neg;;;;Veterinarska fakulteta;
18/07/2007;0035;neg;;;neg;neg;;;;Veterinarska fakulteta;
18/07/2007;0DB2;neg;;;neg;neg;;;;Veterinarska fakulteta;
25/07/2007;0024;x;;;x;neg;;;;Veterinarska fakulteta;
26/07/2007;0035;x;;;x;neg;;;;Veterinarska fakulteta;
31/07/2007;0DB2;x;;;x;neg;;;;Veterinarska fakulteta;
01/08/2007;0035;neg;;;neg;neg;;;;Veterinarska fakulteta;
01/08/2007;0024;neg;;;neg;neg;;;;Veterinarska fakulteta;
02/08/2007;0DB2;neg;;;neg;neg;;;;Veterinarska fakulteta;
07/08/2007;0DB2;neg;;;neg;neg;;;;Veterinarska fakulteta;
08/08/2007;0035;neg;;;neg;neg;;;;Veterinarska fakulteta;
08/08/2007;0024;neg;;;neg;neg;;;;Veterinarska fakulteta;
14/08/2007;0035;x;;;x;neg;;;;Veterinarska fakulteta;
14/08/2007;0024;x;;;x;neg;;;;Veterinarska fakulteta;
14/08/2007;0DB2;x;;;x;neg;;;;Veterinarska fakulteta;
21/08/2007;0024;neg;;;x;neg;;;;Veterinarska fakulteta;
22/08/2007;0035;neg;;;x;neg;;;;Veterinarska fakulteta;
22/08/2007;0DB2;neg;;;x;neg;;;;Veterinarska fakulteta;
28/08/2007;0024;neg;;;x;neg;;;;Veterinarska fakulteta;
29/08/2007;0035;neg;;;x;neg;;;;Veterinarska fakulteta;
29/08/2007;0DB2;neg;;;x;neg;;;;Veterinarska fakulteta;
05/09/2007;0035;neg;;;neg;neg;;;;Veterinarska fakulteta;
06/09/2007;0024;neg;;;neg;neg;;;;Veterinarska fakulteta;
06/09/2007;0DB2;neg;;;neg;neg;;;;Veterinarska fakulteta;
12/09/2007;0035;neg;;;neg;neg;;;;Veterinarska fakulteta;
13/09/2007;0024;neg;;;neg;neg;;;;Veterinarska fakulteta;
13/09/2007;0DB2;neg;;;neg;neg;;;;Veterinarska fakulteta;
18/09/2007;0035;neg;;;neg;neg;;;;Veterinarska fakulteta;
19/09/2007;0024;neg;;;neg;neg;;;;Veterinarska fakulteta;
26/09/2007;0024;neg;;;neg;neg;;;;Veterinarska fakulteta;
26/09/2007;0DB2;neg;;;neg;neg;;;;Veterinarska fakulteta;
27/09/2007;0035;neg;;;neg;neg;;;;Veterinarska fakulteta;
03/10/2007;0035;neg;;;neg;neg;;;;Veterinarska fakulteta;
03/10/2007;0024;neg;;;neg;neg;;;;Veterinarska fakulteta;
03/10/2007;0DB2;neg;;;neg;neg;;;;Veterinarska fakulteta;
09/10/2007;0035;neg;;;neg;neg;;;;Veterinarska fakulteta;
10/10/2007;0024;neg;;;neg;neg;;;;Veterinarska fakulteta;
12/10/2007;0DB2;neg;;;neg;neg;;;;Veterinarska fakulteta;
17/10/2007;0035;neg;;;neg;neg;;;;Veterinarska fakulteta;
17/10/2007;0024;neg;;;neg;neg;;;;Veterinarska fakulteta;
17/10/2007;0DB2;neg;;;neg;neg;;;;Veterinarska fakulteta;
24/10/2007;0035;neg;;;x;neg;;;;Veterinarska fakulteta;
24/10/2007;0024;neg;;;x;neg;;;;Veterinarska fakulteta;
25/10/2007;0DB2;neg;;;x;neg;;;;Veterinarska fakulteta;
07/11/2007;0035;neg;;;x;neg;;;;Veterinarska fakulteta;
07/11/2007;0024;neg;;;x;neg;;;;Veterinarska fakulteta;
14/11/2007;0DB2;neg;;;x;neg;;;;Veterinarska fakulteta;
20/11/2007;0024;neg;;;x;x;;;;Veterinarska fakulteta;
20/11/2007;0DB2;neg;;;x;x;;;;Veterinarska fakulteta;
21/11/2007;0035;neg;;;x;x;;;;Veterinarska fakulteta;
06/12/2007;0024;neg;;;x;x;;;;Veterinarska fakulteta;
24/01/2008;0024;neg;;;x;x;;;;Veterinarska fakulteta;
06/05/2008;0DB2;x;;;neg;neg;;;;Veterinarska fakulteta;
07/05/2008;0035;neg;;;x;neg;;;;Veterinarska fakulteta;
07/05/2008;0024;x;;;neg;neg;;;;Veterinarska fakulteta;
13/05/2008;0024;neg;;;neg;neg;;;;Veterinarska fakulteta;
13/05/2008;0DB2;neg;;;neg;neg;;;;Veterinarska fakulteta;
14/05/2008;0035;neg;;;neg;neg;;;;Veterinarska fakulteta;
21/05/2008;0035;x;;;neg;neg;;;;Veterinarska fakulteta;
21/05/2008;0024;x;;;neg;neg;;;;Veterinarska fakulteta;
21/05/2008;0DB2;x;;;neg;neg;;;;Veterinarska fakulteta;
28/05/2008;0035;neg;;;neg;neg;;;;Veterinarska fakulteta;
28/05/2008;0DB2;poz;;;neg;neg;;;;Veterinarska fakulteta;
29/05/2008;0024;poz;;;neg;neg;;;;Veterinarska fakulteta;
31/05/2008;0024;;;;;;;y;;Veterinarska fakulteta;
31/05/2008;0DB2;;;;;;;y;;Veterinarska fakulteta;
02/06/2008;0035;poz;;;x;x;;;;Veterinarska fakulteta;
04/06/2008;0035;;;;;;;y;;Veterinarska fakulteta;
11/06/2008;0035;poz;;;x;x;;;;Veterinarska fakulteta;
11/06/2008;0024;poz;;;x;x;;;;Veterinarska fakulteta;
11/06/2008;0DB2;poz;;;x;x;;;;Veterinarska fakulteta;
24/06/2008;0035;neg;;;x;x;;;;Veterinarska fakulteta;
24/06/2008;0024;neg;;;x;x;;;;Veterinarska fakulteta;
24/06/2008;0DB2;neg;;;x;x;;;;Veterinarska fakulteta;
30/06/2008;0035;poz;;;x;x;;;;Veterinarska fakulteta;
30/06/2008;0024;poz;;;x;x;;;;Veterinarska fakulteta;
01/07/2008;0DB2;poz;;;x;x;;;;Veterinarska fakulteta;
09/07/2008;0035;poz;;;x;x;;;;Veterinarska fakulteta;
09/07/2008;0024;poz;;;x;x;;;;Veterinarska fakulteta;
09/07/2008;0DB2;poz;;;x;x;;;;Veterinarska fakulteta;
16/07/2008;0035;neg;;;x;x;;;;Veterinarska fakulteta;
16/07/2008;0024;neg;;;x;x;;;;Veterinarska fakulteta;
16/07/2008;0DB2;neg;;;x;x;;;;Veterinarska fakulteta;
22/07/2008;0035;neg;;;x;x;;;;Veterinarska fakulteta;
22/07/2008;0024;neg;;;x;x;;;;Veterinarska fakulteta;
24/07/2008;0DB2;neg;;;x;x;;;;Veterinarska fakulteta;
25/07/2008;0035;;;;;;;;y;Veterinarska fakulteta;
25/07/2008;0024;;;;;;;;y;Veterinarska fakulteta;
28/07/2008;0DB2;;;;;;;;y;Veterinarska fakulteta;
30/07/2008;0035;neg;;;x;x;;;;Veterinarska fakulteta;
30/07/2008;0024;neg;;;x;x;;;;Veterinarska fakulteta;
30/07/2008;0DB2;neg;;;x;x;;;;Veterinarska fakulteta;
06/08/2008;0035;neg;;;neg;neg;;;;Veterinarska fakulteta;
06/08/2008;0024;neg;;;neg;neg;;;;Veterinarska fakulteta;
07/08/2008;0DB2;neg;;;neg;neg;;;;Veterinarska fakulteta;
12/08/2008;0035;neg;;;x;neg;;;;Veterinarska fakulteta;
12/08/2008;0024;neg;;;x;neg;;;;Veterinarska fakulteta;
13/08/2008;0DB2;neg;;;x;neg;;;;Veterinarska fakulteta;
20/08/2008;0035;neg;;;x;neg;;;;Veterinarska fakulteta;
20/08/2008;0024;neg;;;x;neg;;;;Veterinarska fakulteta;
20/08/2008;0DB2;neg;;;x;neg;;;;Veterinarska fakulteta;
27/08/2008;0024;neg;;;x;neg;;;;Veterinarska fakulteta;
27/08/2008;0DB2;neg;;;x;neg;;;;Veterinarska fakulteta;
28/08/2008;0035;neg;;;x;neg;;;;Veterinarska fakulteta;
02/09/2008;0DB2;poz;;;neg;neg;;;;Veterinarska fakulteta;
03/09/2008;0035;neg;;;neg;neg;;;;Veterinarska fakulteta;
03/09/2008;0024;neg;;;neg;neg;;;;Veterinarska fakulteta;
06/09/2008;0DB2;;;;;;;y;;Veterinarska fakulteta;
10/09/2008;0035;neg;;;x;neg;;;;Veterinarska fakulteta;
10/09/2008;0024;neg;;;x;neg;;;;Veterinarska fakulteta;
17/09/2008;0035;neg;;;x;neg;;;;Veterinarska fakulteta;
17/09/2008;0024;neg;;;x;neg;;;;Veterinarska fakulteta;
17/09/2008;0DB2;neg;;;x;neg;;;;Veterinarska fakulteta;
24/09/2008;0035;neg;;;x;neg;;;;Veterinarska fakulteta;
24/09/2008;0024;neg;;;x;neg;;;;Veterinarska fakulteta;
24/09/2008;0DB2;neg;;;neg;neg;;;;Veterinarska fakulteta;
29/09/2008;0DB2;;;;;;;;y;Veterinarska fakulteta;
02/10/2008;0035;neg;;;neg;neg;;;;Veterinarska fakulteta;
02/10/2008;0024;neg;;;neg;neg;;;;Veterinarska fakulteta;
02/10/2008;0DB2;neg;;;neg;neg;;;;Veterinarska fakulteta;
08/10/2008;0035;neg;;;x;neg;;;;Veterinarska fakulteta;
08/10/2008;0024;neg;;;x;neg;;;;Veterinarska fakulteta;
08/10/2008;0DB2;neg;;;x;neg;;;;Veterinarska fakulteta;
15/10/2008;0035;neg;;;neg;neg;;;;Veterinarska fakulteta;
15/10/2008;0024;neg;;;neg;neg;;;;Veterinarska fakulteta;
15/10/2008;0DB2;neg;;;neg;neg;;;;Veterinarska fakulteta;
22/10/2008;0035;neg;;;x;neg;;;;Veterinarska fakulteta;
22/10/2008;0DB2;neg;;;x;neg;;;;Veterinarska fakulteta;
23/10/2008;0024;neg;;;x;neg;;;;Veterinarska fakulteta;
29/10/2008;0035;neg;;;x;neg;;;;Veterinarska fakulteta;
29/10/2008;0024;neg;;;x;neg;;;;Veterinarska fakulteta;
03/11/2008;0DB2;neg;;;x;neg;;;;Veterinarska fakulteta;
12/11/2008;0035;neg;;;x;neg;;;;Veterinarska fakulteta;
12/11/2008;0024;neg;;;x;neg;;;;Veterinarska fakulteta;
12/11/2008;0DB2;neg;;;x;neg;;;;Veterinarska fakulteta;
19/11/2008;0DB2;neg;;;x;neg;;;;Veterinarska fakulteta;
20/11/2008;0035;neg;;;x;neg;;;;Veterinarska fakulteta;
20/11/2008;0024;neg;;;x;neg;;;;Veterinarska fakulteta;
27/11/2008;0024;neg;;;neg;neg;;;;Veterinarska fakulteta;
27/11/2008;0DB2;neg;;;neg;neg;;;;Veterinarska fakulteta;
28/11/2008;0035;neg;;;neg;neg;;;;Veterinarska fakulteta;
03/12/2008;0035;neg;;;neg;x;;;;Veterinarska fakulteta;
03/12/2008;0024;neg;;;x;neg;;;;Veterinarska fakulteta;
03/12/2008;0DB2;neg;;;neg;x;;;;Veterinarska fakulteta;
24/04/2009;0DB2;neg;;;neg;neg;;;;Veterinarska fakulteta;
13/05/2009;0035;neg;;;neg;neg;;;;Veterinarska fakulteta;
13/05/2009;0024;neg;;;neg;neg;;;;Veterinarska fakulteta;
26/05/2009;0035;poz;;;neg;< 3 mg DA/kg;;;;Veterinarska fakulteta;zaprl 28.5. in odprl 24.7.
26/05/2009;0024;poz;;;neg;< 3 mg DA/kg;;;;Veterinarska fakulteta;
26/05/2009;0DB2;poz;;;neg;< 3 mg DA/kg;;;;Veterinarska fakulteta;
28/05/2009;0035;;;;;;;y;;Veterinarska fakulteta;
28/05/2009;0024;;;;;;;y;;Veterinarska fakulteta;
28/05/2009;0DB2;;;;;;;y;;Veterinarska fakulteta;
22/06/2009;0035;poz;;;neg;x;;;;Veterinarska fakulteta;
22/06/2009;0024;poz;;;neg;x;;;;Veterinarska fakulteta;
22/06/2009;0DB2;neg;;;neg;x;;;;Veterinarska fakulteta;
27/06/2009;0DB2;neg;;;neg;< 3 mg DA/kg;;;;Veterinarska fakulteta;
01/07/2009;0DB2;;;;;;;;y;Veterinarska fakulteta;
02/07/2009;0024;neg;;;x;x;;;;Veterinarska fakulteta;
06/07/2009;0035;poz;;;x;x;;;;Veterinarska fakulteta;
07/07/2009;0024;poz;;;neg;< 3 mg DA/kg;;;;Veterinarska fakulteta;
08/07/2009;0DB2;neg;;;neg;< 3 mg DA/kg;;;;Veterinarska fakulteta;
13/07/2009;0024;neg;;;x;x;;;;Veterinarska fakulteta;naročnik školjkar
16/07/2009;0035;neg;;;x;x;;;;Veterinarska fakulteta;
17/07/2009;0024;neg;;;x;x;;;;Veterinarska fakulteta;
20/07/2009;0024;;;;;;;;y;Veterinarska fakulteta;
21/07/2009;0035;neg;;;x;x;;;;Veterinarska fakulteta;
21/07/2009;0DB2;neg;;;neg;< 3 mg DA/kg;;;;Veterinarska fakulteta;
24/07/2009;0035;;;;;;;;y;Veterinarska fakulteta;
24/07/2009;0024;neg;;;x;x;;;;Veterinarska fakulteta;
03/08/2009;0035;poz;;;neg;< 3 mg DA/kg;;;;Veterinarska fakulteta;zaprl 5.8. in odprl 20.8.
03/08/2009;0024;poz;;;neg;< 3 mg DA/kg;;;;Veterinarska fakulteta;zaprl 5.8. in odprl 14.8.
05/08/2009;0035;;;;;;;y;;Veterinarska fakulteta;
05/08/2009;0024;;;;;;;y;;Veterinarska fakulteta;
06/08/2009;0024;neg;;;x;x;;;;Veterinarska fakulteta;
06/08/2009;0DB2;neg;;;neg;< 3 mg DA/kg;;;;Veterinarska fakulteta;
10/08/2009;0035;neg;;;x;x;;;;Veterinarska fakulteta;
11/08/2009;0024;neg;;;x;x;;;;Veterinarska fakulteta;
11/08/2009;0DB2;neg;;;x;x;;;;Veterinarska fakulteta;
14/08/2009;0024;;;;;;;;y;Veterinarska fakulteta;
17/08/2009;0035;neg;;;x;x;;;;Veterinarska fakulteta;
17/08/2009;0DB2;neg;;;x;x;;;;Veterinarska fakulteta;
19/08/2009;0024;neg;;;x;x;;;;Veterinarska fakulteta;
20/08/2009;0035;;;;;;;;y;Veterinarska fakulteta;
26/08/2009;0035;neg;;;x;< 3 mg DA/kg;;;;Veterinarska fakulteta;
26/08/2009;0024;neg;;;x;< 3 mg DA/kg;;;;Veterinarska fakulteta;
26/08/2009;0DB2;neg;;;x;< 3 mg DA/kg;;;;Veterinarska fakulteta;
02/09/2009;0035;neg;;;neg;< 3 mg DA/kg;;;;Veterinarska fakulteta;
02/09/2009;0024;neg;;;neg;neg;;;;Veterinarska fakulteta;
03/09/2009;0DB2;neg;;;neg;< 3 mg DA/kg;;;;Veterinarska fakulteta;
09/09/2009;0035;neg;;;x;< 3 mg DA/kg;;;;Veterinarska fakulteta;
09/09/2009;0024;neg;;;x;< 3 mg DA/kg;;;;Veterinarska fakulteta;
10/09/2009;0DB2;neg;;;x;< 3 mg DA/kg;;;;Veterinarska fakulteta;
16/09/2009;0035;neg;;;neg;< 3 mg DA/kg;;;;Veterinarska fakulteta;
16/09/2009;0DB2;neg;;;x;< 3 mg DA/kg;;;;Veterinarska fakulteta;
18/09/2009;0024;neg;;;x;< 3 mg DA/kg;;;;Veterinarska fakulteta;
23/09/2009;0035;neg;;;x;< 3 mg DA/kg;;;;Veterinarska fakulteta;
23/09/2009;0DB2;neg;;;x;< 3 mg DA/kg;;;;Veterinarska fakulteta;
25/09/2009;0024;neg;;;x;< 3 mg DA/kg;;;;Veterinarska fakulteta;
29/09/2009;0035;neg;;;x;< 3 mg DA/kg;;;;Veterinarska fakulteta;
29/09/2009;0DB2;neg;;;x;< 3 mg DA/kg;;;;Veterinarska fakulteta;
30/09/2009;0024;neg;;;x;< 3 mg DA/kg;;;;Veterinarska fakulteta;
07/10/2009;0035;neg;;;x;< 3 mg DA/kg;;;;Veterinarska fakulteta;
07/10/2009;0024;neg;;;x;< 3 mg DA/kg;;;;Veterinarska fakulteta;
08/10/2009;0DB2;neg;;;x;< 3 mg DA/kg;;;;Veterinarska fakulteta;
14/10/2009;0035;neg;;;x;< 3 mg DA/kg;;;;Veterinarska fakulteta;
14/10/2009;0DB2;neg;;;x;< 3 mg DA/kg;;;;Veterinarska fakulteta;
15/10/2009;0024;neg;;;x;< 3 mg DA/kg;;;;Veterinarska fakulteta;
21/10/2009;0035;neg;;;x;< 3 mg DA/kg;;;;Veterinarska fakulteta;
21/10/2009;0024;neg;;;x;< 3 mg DA/kg;;;;Veterinarska fakulteta;
21/10/2009;0DB2;neg;;;x;< 3 mg DA/kg;;;;Veterinarska fakulteta;
28/10/2009;0035;neg;;;neg;< 3 mg DA/kg;;;;Veterinarska fakulteta;
28/10/2009;0024;neg;;;neg;< 3 mg DA/kg;;;;Veterinarska fakulteta;
29/10/2009;0DB2;neg;;;neg;< 3 mg DA/kg;;;;Veterinarska fakulteta;
11/11/2009;0035;neg;;;neg;< 3 mg DA/kg;;;;Veterinarska fakulteta;
11/11/2009;0DB2;neg;;;neg;< 3 mg DA/kg;;;;Veterinarska fakulteta;
12/11/2009;0024;neg;;;neg;< 3 mg DA/kg;;;;Veterinarska fakulteta;
25/11/2009;0035;neg;;;x;< 3 mg DA/kg;;;;Veterinarska fakulteta;
25/11/2009;0DB2;neg;;;x;< 3 mg DA/kg;;;;Veterinarska fakulteta;
27/11/2009;0024;neg;;;x;< 3 mg DA/kg;;;;Veterinarska fakulteta;
07/04/2010;0035;neg;;;x;x;;;;Veterinarska fakulteta;
07/04/2010;0DB2;neg;;;x;x;;;;Veterinarska fakulteta;
09/04/2010;0024;neg;;;x;x;;;;Veterinarska fakulteta;
21/04/2010;0035;neg;;;neg;< 3 mg DA/kg;;;;Veterinarska fakulteta;
23/04/2010;0024;neg;;;neg;< 3 mg DA/kg;;;;Veterinarska fakulteta;
23/04/2010;0DB2;neg;;;neg;< 3 mg DA/kg;;;;Veterinarska fakulteta;
05/05/2010;0035;neg;;;neg;< 3 mg DA/kg;;;;Veterinarska fakulteta;
05/05/2010;0024;neg;;;neg;< 3 mg DA/kg;;;;Veterinarska fakulteta;
10/05/2010;0DB2;neg;;;neg;< 3 mg DA/kg;;;;Veterinarska fakulteta;
19/05/2010;0035;poz;;;neg;< 3 mg DA/kg;;;;Veterinarska fakulteta;
19/05/2010;0024;neg;;;neg;< 3 mg DA/kg;;;;Veterinarska fakulteta;
21/05/2010;0DB2;poz;;;x;x;;;;Veterinarska fakulteta;
25/05/2010;0035;neg;;;x;x;;;;Veterinarska fakulteta;
25/05/2010;0024;neg;;;x;x;;;;Veterinarska fakulteta;
25/05/2010;0DB2;neg;;;neg;< 3 mg DA/kg;;y;;Veterinarska fakulteta;
26/05/2010;0035;;;;;;;y;;Veterinarska fakulteta;
02/06/2010;0035;neg;;;x;x;;;;Veterinarska fakulteta;
02/06/2010;0024;poz;;;neg;< 3 mg DA/kg;;;;Veterinarska fakulteta;
03/06/2010;0DB2;poz;;;x;x;;;;Veterinarska fakulteta;
04/06/2010;0024;;;;;;;y;;Veterinarska fakulteta;
07/06/2010;0035;;;;;;;;y;Veterinarska fakulteta;
09/06/2010;0035;poz;;;neg;< 3 mg DA/kg;;;;Veterinarska fakulteta;
09/06/2010;0024;poz;;;x;x;;;;Veterinarska fakulteta;
11/06/2010;0DB2;neg;;;x;x;;;;Veterinarska fakulteta;
17/06/2010;0035;;;;;;;y;;Veterinarska fakulteta;
23/06/2010;0035;neg;;;x;x;;;;Veterinarska fakulteta;
23/06/2010;0024;poz;;;x;x;;;;Veterinarska fakulteta;
23/06/2010;0DB2;neg;;;neg;< 3 mg DA/kg;;;;Veterinarska fakulteta;
28/06/2010;0DB2;poz;;;x;x;;;;Veterinarska fakulteta;
05/07/2010;0024;neg;;;x;x;;;;Veterinarska fakulteta;
07/07/2010;0035;neg;;;neg;< 3 mg DA/kg;;;;Veterinarska fakulteta;
07/07/2010;0DB2;neg;;;x;x;;;;Veterinarska fakulteta;
09/07/2010;0024;neg;;;neg;< 3 mg DA/kg;;;;Veterinarska fakulteta;
10/07/2010;0035;;;;;;;;y;Veterinarska fakulteta;
11/07/2010;0024;;;;;;;;y;Veterinarska fakulteta;
14/07/2010;0035;poz;;;x;< 3 mg DA/kg;;;;Veterinarska fakulteta;
16/07/2010;0035;;;;;;;y;;Veterinarska fakulteta;
16/07/2010;0DB2;neg;;;x;< 3 mg DA/kg;;;;Veterinarska fakulteta;
20/07/2010;0035;poz;;;x;x;;;;Veterinarska fakulteta;
20/07/2010;0024;neg;;;x;< 3 mg DA/kg;;;;Veterinarska fakulteta;
21/07/2010;0DB2;;;;;;;;y;Veterinarska fakulteta;
26/07/2010;0035;poz;;;x;< 3 mg DA/kg;;;;Veterinarska fakulteta;
26/07/2010;0DB2;neg;;;x;< 3 mg DA/kg;;;;Veterinarska fakulteta;
04/08/2010;0035;poz;;;x;< 3 mg DA/kg;;;;Veterinarska fakulteta;
04/08/2010;0024;poz;;;neg;< 3 mg DA/kg;;;;Veterinarska fakulteta;
06/08/2010;0024;;;;;;;y;;Veterinarska fakulteta;
09/08/2010;0024;neg;;;x;x;;;;Veterinarska fakulteta;analize ARPA Gorizia
09/08/2010;0DB2;poz;;;neg;< 3 mg DA/kg;;;;Veterinarska fakulteta;
10/08/2010;0DB2;;;;;;;y;;Veterinarska fakulteta;
17/08/2010;0035;poz;;;x;x;;;;Veterinarska fakulteta;
17/08/2010;0024;poz;;;x;x;;;;Veterinarska fakulteta;analiza LJ
17/08/2010;0024;neg;;;x;x;;;;Veterinarska fakulteta;analiza ARPA Gorizia
17/08/2010;0DB2;poz;;;x;x;;;;Veterinarska fakulteta;
25/08/2010;0035;poz;;;x;x;;;;Veterinarska fakulteta;
25/08/2010;0024;poz;;;x;x;;;;Veterinarska fakulteta;
25/08/2010;0DB2;poz;;;x;x;;;;Veterinarska fakulteta;
02/09/2010;0035;poz;;;x;x;;;;Veterinarska fakulteta;analiza v Vigo, Španija + LJ
02/09/2010;0024;poz;;;x;x;;;;Veterinarska fakulteta;analiza Vigo, Španija + LJ
03/09/2010;0DB2;poz;;;x;x;;;;Veterinarska fakulteta;
04/10/2010;0035;poz;;;x;x;;;;Veterinarska fakulteta;
14/10/2010;0035;poz;;;x;x;;;;Veterinarska fakulteta;
14/10/2010;0DB2;poz;;;x;x;;;;Veterinarska fakulteta;
15/10/2010;0024;poz;;;x;x;;;;Veterinarska fakulteta;
03/11/2010;0035;poz;;;x;x;;;;Veterinarska fakulteta;
03/11/2010;0024;poz;;;x;x;;;;Veterinarska fakulteta;
03/11/2010;0DB2;poz;;;x;x;;;;Veterinarska fakulteta;
25/11/2010;0035;poz;;;neg;< 3 mg DA/kg;;;;Veterinarska fakulteta;
25/11/2010;0024;poz;;;neg;< 3 mg DA/kg;;;;Veterinarska fakulteta;
26/11/2010;0DB2;poz;;;neg;< 3 mg DA/kg;;;;Veterinarska fakulteta;
08/12/2010;0035;poz;;;x;< 3 mg DA/kg;;;;Veterinarska fakulteta;
08/12/2010;0024;poz;;;x;< 3 mg DA/kg;;;;Veterinarska fakulteta;
08/12/2010;0DB2;poz;;;x;< 3 mg DA/kg;;;;Veterinarska fakulteta;
22/12/2010;0DB2;poz;;;x;< 3 mg DA/kg;;;;Veterinarska fakulteta;
28/12/2010;0035;poz;;;x;< 3 mg DA/kg;;;;Veterinarska fakulteta;
28/12/2010;0024;poz;;;x;< 3 mg DA/kg;;;;Veterinarska fakulteta;
18/01/2011;0035;neg;;;x;x;;;;Veterinarska fakulteta;
18/01/2011;0024;poz;;;x;x;;;;Veterinarska fakulteta;
19/01/2011;0DB2;poz;;;x;x;;;;Veterinarska fakulteta;
24/01/2011;0035;poz;;;x;x;;;;Veterinarska fakulteta;
02/02/2011;0024;poz;;;x;x;;;;Veterinarska fakulteta;
09/02/2011;0035;poz;;;x;x;;;;Veterinarska fakulteta;
11/02/2011;0DB2;neg;;;x;x;;;;Veterinarska fakulteta;
16/02/2011;0035;poz;;;x;x;;;;Veterinarska fakulteta;
16/02/2011;0024;poz;;;x;x;;;;Veterinarska fakulteta;
16/02/2011;0DB2;poz;;;x;x;;;;Veterinarska fakulteta;
09/03/2011;0035;neg;;;x;x;;;;Veterinarska fakulteta;
09/03/2011;0024;poz;;;x;x;;;;Veterinarska fakulteta;
09/03/2011;0DB2;neg;;;x;x;;;;Veterinarska fakulteta;
16/03/2011;0035;poz;;;x;x;;;;Veterinarska fakulteta;dodatna analiza Cesenatico neg.
17/03/2011;0024;neg;;;x;x;;;;Veterinarska fakulteta;
23/03/2011;0035;neg;;;x;x;;;;Veterinarska fakulteta;
23/03/2011;0024;neg;;;x;x;;;;Veterinarska fakulteta;analiza Cesenatico CRM
23/03/2011;0DB2;poz;;;x;x;;;;Veterinarska fakulteta;vzorci zmrznjeni, poslani v Vigo (poz) in Cesenatico (neg) 3.5.2011
26/03/2011;0024;;;;;;;;y;Veterinarska fakulteta;
30/03/2011;0035;neg;;;x;x;;;;Veterinarska fakulteta;
30/03/2011;0DB2;neg;;;x;x;;;;Veterinarska fakulteta;
03/04/2011;0035;;;;;;;;y;Veterinarska fakulteta;
07/04/2011;0DB2;neg;;;x;x;;;;Veterinarska fakulteta;
13/04/2011;0DB2;;;;;;;;y;Veterinarska fakulteta;
26/04/2011;0035;x;;;neg;< 3 mg DA/kg;;;;Veterinarska fakulteta;
26/04/2011;0024;x;;;neg;< 3 mg DA/kg;;;;Veterinarska fakulteta;
29/04/2011;0DB2;x;;;neg;< 3 mg DA/kg;;;;Veterinarska fakulteta;
12/05/2011;0035;x;;;neg;< 3 mg DA/kg;;;;Veterinarska fakulteta;
12/05/2011;0DB2;x;;;neg;< 3 mg DA/kg;;;;Veterinarska fakulteta;
13/05/2011;0024;x;;;neg;< 3 mg DA/kg;;;;Veterinarska fakulteta;
25/05/2011;0035;neg;;;neg;< 3 mg DA/kg;;;;Veterinarska fakulteta;
25/05/2011;0024;neg;;;neg;< 3 mg DA/kg;;;;Veterinarska fakulteta;
07/06/2011;0035;neg;;;neg;< 3 mg DA/kg;;;;Veterinarska fakulteta;
08/06/2011;0024;neg;;;neg;< 3 mg DA/kg;;;;Veterinarska fakulteta;
08/06/2011;0DB2;neg;;;neg;< 3 mg DA/kg;;;;Veterinarska fakulteta;
21/06/2011;0035;x;;;neg;x;;;;Veterinarska fakulteta;
21/06/2011;0024;x;;;neg;x;;;;Veterinarska fakulteta;
28/06/2011;0DB2;x;;;neg;x;;;;Veterinarska fakulteta;
06/07/2011;0035;neg;;;neg;< 3 mg DA/kg;;;;Veterinarska fakulteta;
06/07/2011;0024;neg;;;neg;< 3 mg DA/kg;;;;Veterinarska fakulteta;
08/07/2011;0DB2;neg;;;neg;< 3 mg DA/kg;;;;Veterinarska fakulteta;
20/07/2011;0035;neg;;;neg;< 3 mg DA/kg;;;;Veterinarska fakulteta;
20/07/2011;0024;neg;;;neg;< 3 mg DA/kg;;;;Veterinarska fakulteta;
26/07/2011;0DB2;x;;;neg;< 3 mg DA/kg;;;;Veterinarska fakulteta;
08/08/2011;0035;neg;;;neg;< 3 mg DA/kg;;;;Veterinarska fakulteta;
08/08/2011;0024;neg;;;neg;< 3 mg DA/kg;;;;Veterinarska fakulteta;
08/08/2011;0DB2;neg;;;neg;< 3 mg DA/kg;;;;Veterinarska fakulteta;
19/08/2011;0035;neg;;;neg;< 3 mg DA/kg;;;;Veterinarska fakulteta;
19/08/2011;0DB2;;;;;;;;;Veterinarska fakulteta;prekinitev prodaje školjk, ni analiz, v gojišču samo mladice
22/08/2011;0024;neg;;;neg;< 3 mg DA/kg;;;;Veterinarska fakulteta;
05/09/2011;0035;neg;;;x;< 3 mg DA/kg;;;;Veterinarska fakulteta;
05/09/2011;0024;neg;;;x;< 3 mg DA/kg;;;;Veterinarska fakulteta;
03/10/2011;0035;neg;;;x;< 3 mg DA/kg;;;;Veterinarska fakulteta;
03/10/2011;0024;neg;;;neg;< 3 mg DA/kg;;;;Veterinarska fakulteta;
17/10/2011;0035;neg;;;x;< 3 mg DA/kg;;;;Veterinarska fakulteta;
17/10/2011;0024;poz;;;x;< 3 mg DA/kg;;;;Veterinarska fakulteta;
26/10/2011;0024;;;;;;;y;;Veterinarska fakulteta;
27/10/2011;0035;neg;;;x;x;;;;Veterinarska fakulteta;
27/10/2011;0024;neg;;;x;x;;;;Veterinarska fakulteta;
07/11/2011;0035;poz;;;x;< 3 mg DA/kg;;;;Veterinarska fakulteta;
10/11/2011;0035;;;;;;;y;;Veterinarska fakulteta;
10/11/2011;0024;poz;;;neg;< 3 mg DA/kg;;;;Veterinarska fakulteta;
23/11/2011;0035;x;;;x;< 3 mg DA/kg;;;;Veterinarska fakulteta;
23/11/2011;0024;x;;;x;< 3 mg DA/kg;;;;Veterinarska fakulteta;
07/12/2011;0035;neg;;;x;x;;;;Veterinarska fakulteta;Petrič - Arpa go
07/12/2011;0024;neg;;;x;x;;;;Veterinarska fakulteta;Petrič, ARPA Go
13/12/2011;0035;neg;;;x;< 3 mg DA/kg;;;;Veterinarska fakulteta;
13/12/2011;0024;poz;;;x;< 3 mg DA/kg;;;;Veterinarska fakulteta;
10/01/2012;0035;;;;;;;;y;Veterinarska fakulteta;
13/01/2012;0035;neg;;;x;x;;;;Veterinarska fakulteta;
13/01/2012;0024;neg;;;x;x;;;;Veterinarska fakulteta;analiza ARPA Go
15/02/2012;0DB2;neg;;;x;x;;;;Veterinarska fakulteta;analiza Cesenatico CRM - 4 skupine lipofilnih toksinov
17/02/2012;0035;neg;;;x;x;;;;Veterinarska fakulteta;analiza CRM Cesenatico- 4 skupine lipofilnih toksinov
17/02/2012;0024;neg;;;x;x;;;;Veterinarska fakulteta;analiza Cesenatico CRM - 4 skupine lipofilnih toksinov
01/03/2012;0024;;;;;;;;y;Veterinarska fakulteta;
16/03/2012;0035;neg;;;x;x;;;;Veterinarska fakulteta;analiza CRM
16/03/2012;0024;neg;;;x;x;;;;Veterinarska fakulteta;analiza Cesenatico CRM - 4 skupine lipofilnih toksinov
20/03/2012;0DB2;neg;;;x;x;;;;Veterinarska fakulteta;analiza Cesenatico CRM - 4 skupine lipofilnih toksinov
05/04/2012;0035;neg;;;neg;< 3 mg DA/kg;;;;Veterinarska fakulteta;analiza CRM
05/04/2012;0024;neg;;;neg;neg;;;;Veterinarska fakulteta;
05/04/2012;0DB2;neg;;;neg;neg;;;;Veterinarska fakulteta;CRM, Lj
08/05/2012;0035;neg;;;neg;< 3 mg DA/kg;;;;Veterinarska fakulteta;Lj
08/05/2012;0024;neg;;;neg;neg;;;;Veterinarska fakulteta;Lj
11/05/2012;0DB2;neg;;;neg;neg;;;;Veterinarska fakulteta;Lj
24/05/2012;0035;neg;;;neg;x;;;;Veterinarska fakulteta;
25/05/2012;0024;neg;;;neg;x;;;;Veterinarska fakulteta;Lj
25/05/2012;0DB2;neg;;;neg;x;;;;Veterinarska fakulteta;Lj
07/06/2012;0035;neg;;;neg;< 3 mg DA/kg;;;;Veterinarska fakulteta;analiza CRM, Lj
07/06/2012;0024;neg;;;neg;neg;;;;Veterinarska fakulteta;
08/06/2012;0DB2;neg;;;neg;neg;;;;Veterinarska fakulteta;Lj
21/06/2012;0024;neg;;;neg;x;;;;Veterinarska fakulteta;
26/06/2012;0035;neg;;;neg;< 3 mg DA/kg;;;;Veterinarska fakulteta;analiza CRM, Lj
28/06/2012;0DB2;neg;;;neg;neg;;;;Veterinarska fakulteta;Lj
05/07/2012;0DB2;neg;;;x;x;;;;Veterinarska fakulteta;Lj
06/07/2012;0035;neg;;;x;x;;;;Veterinarska fakulteta;analiza CRM
06/07/2012;0024;neg;;;x;x;;;;Veterinarska fakulteta;
13/07/2012;0035;neg;;;neg;< 3 mg DA/kg;poz;;;Veterinarska fakulteta;analiza Lj - presejalno (DSP in yesso pozit.), CRM potrdi za YESSO
14/07/2012;0035;;;;;;;y;;Veterinarska fakulteta;
16/07/2012;0024;neg;;;neg;neg;;;;Veterinarska fakulteta;CRM, Lj
17/07/2012;0DB2;neg;;;neg;neg;;;;Veterinarska fakulteta;CRM, Lj
20/07/2012;0024;neg;;;neg;x;;;;Veterinarska fakulteta;CRM, Lj
25/07/2012;0DB2;neg;;;x;neg;;;;Veterinarska fakulteta;CRM, Lj
06/08/2012;0035;neg;;;x;x;neg (na meji);;;Veterinarska fakulteta;vzeli školjkarji
09/08/2012;0024;neg;;;neg;neg;neg;;;Veterinarska fakulteta;CRM, Lj
14/08/2012;0DB2;neg;;;neg;neg;;;;Veterinarska fakulteta;
16/08/2012;0035;neg;;;neg;< 3 mg DA/kg;neg;;;Veterinarska fakulteta;
23/08/2012;0024;x;;;x;neg;;;;Veterinarska fakulteta;
23/08/2012;0DB2;neg;;;x;x;;;;Veterinarska fakulteta;
28/08/2012;0035;neg;;;x;< 3 mg DA/kg;;;;Veterinarska fakulteta;
29/08/2012;0035;;;;;;;;y;Veterinarska fakulteta;
06/09/2012;0035;neg;;;x;x;;;;Veterinarska fakulteta;
11/09/2012;0024;neg;;;x;x;;;;Veterinarska fakulteta;
11/09/2012;0DB2;neg;;;x;x;;;;Veterinarska fakulteta;
25/09/2012;0035;neg;;;x;neg;;;;Veterinarska fakulteta;
25/09/2012;0024;neg;;;x;neg;;;;Veterinarska fakulteta;
25/09/2012;0DB2;neg;;;x;neg;;;;Veterinarska fakulteta;
04/10/2012;0035;neg;;;neg;neg;;;;Veterinarska fakulteta;
04/10/2012;0024;neg;;;neg;neg;;;;Veterinarska fakulteta;
04/10/2012;0DB2;neg;;;neg;neg;;;;Veterinarska fakulteta;
11/10/2012;0035;neg;;;x;neg;;;;Veterinarska fakulteta;
11/10/2012;0024;neg;;;x;neg;;;;Veterinarska fakulteta;
11/10/2012;0DB2;neg;;;x;neg;;;;Veterinarska fakulteta;
18/10/2012;0035;neg;;;x;neg;;;;Veterinarska fakulteta;
18/10/2012;0024;neg;;;x;neg;;;;Veterinarska fakulteta;
18/10/2012;0DB2;neg;;;x;neg;;;;Veterinarska fakulteta;
24/10/2012;0024;neg;;;x;x;;;;Veterinarska fakulteta;
24/10/2012;0DB2;neg;;;neg;x;;;;Veterinarska fakulteta;
25/10/2012;0035;neg;;;neg;x;;;;Veterinarska fakulteta;
08/11/2012;0035;neg;;;neg;neg;;;;Veterinarska fakulteta;
15/11/2012;0024;neg;;;neg;neg;;;;Veterinarska fakulteta;
18/11/2012;0024;neg;;;x;neg;;;;Veterinarska fakulteta;
22/11/2012;0DB2;neg;;;neg;neg;;;;Veterinarska fakulteta;
29/11/2012;0035;neg;;;x;neg;;;;Veterinarska fakulteta;
29/11/2012;0DB2;neg;;;x;neg;;;;Veterinarska fakulteta;
06/12/2012;0035;neg;;;x;neg;;;;Veterinarska fakulteta;
06/12/2012;0DB2;neg;;;x;neg;;;;Veterinarska fakulteta;
13/12/2012;0024;neg;;;x;neg;;;;Veterinarska fakulteta;
19/01/2013;0035;neg;;;x;x;;;;Veterinarska fakulteta;
29/01/2013;0DB2;neg;;;x;x;;;;Veterinarska fakulteta;
31/01/2013;0024;neg;;;x;x;;;;Veterinarska fakulteta;
26/02/2013;0035;neg;;;x;x;;;;Veterinarska fakulteta;
26/02/2013;0DB2;neg;;;x;x;;;;Veterinarska fakulteta;
28/02/2013;0024;neg;;;x;x;;;;Veterinarska fakulteta;
21/03/2013;0035;neg;;;x;x;;;;Veterinarska fakulteta;
21/03/2013;0024;neg;;;x;x;;;;Veterinarska fakulteta;
04/04/2013;0DB2;neg;;;x;x;;;;Veterinarska fakulteta;
10/04/2013;0035;neg;;;neg;< 3 mg DA/kg;;;;Veterinarska fakulteta;
10/04/2013;0024;neg;;;neg;neg;;;;Veterinarska fakulteta;
11/04/2013;0DB2;neg;;;neg;neg;;;;Veterinarska fakulteta;
18/04/2013;0035;neg;;;neg;x;;;;Veterinarska fakulteta;
18/04/2013;0024;neg;;;neg;x;;;;Veterinarska fakulteta;
23/04/2013;0DB2;neg;;;neg;x;;;;Veterinarska fakulteta;
14/05/2013;0035;neg;;;neg;< 3 mg DA/kg;;;;Veterinarska fakulteta;
14/05/2013;0024;neg;;;neg;neg;;;;Veterinarska fakulteta;
14/05/2013;0DB2;neg;;;neg;neg;;;;Veterinarska fakulteta;
06/06/2013;0035;neg;;;neg;x;;;;Veterinarska fakulteta;
06/06/2013;0024;neg;;;neg;x;;;;Veterinarska fakulteta;
06/06/2013;0DB2;neg;;;neg;x;;;;Veterinarska fakulteta;
19/06/2013;0035;neg;;;x;< 3 mg DA/kg;;;;Veterinarska fakulteta;
19/06/2013;0DB2;neg;;;x;neg;;;;Veterinarska fakulteta;
20/06/2013;0024;neg;;;x;neg;;;;Veterinarska fakulteta;
26/06/2013;0DB2;neg;;;neg;neg;;;;Veterinarska fakulteta;
27/06/2013;0035;neg;;;neg;< 3 mg DA/kg;;;;Veterinarska fakulteta;
04/07/2013;0024;neg;;;neg;neg;;;;Veterinarska fakulteta;
09/07/2013;0035;neg;;;x;< 3 mg DA/kg;;;;Veterinarska fakulteta;
11/07/2013;0DB2;neg;;;x;neg;;;;Veterinarska fakulteta;
17/07/2013;0035;neg;;;neg;< 3 mg DA/kg;;;;Veterinarska fakulteta;
23/07/2013;0024;neg;;;neg;neg;;;;Veterinarska fakulteta;
30/07/2013;0DB2;neg;;;neg;neg;;;;Veterinarska fakulteta;
01/08/2013;0035;neg;;;neg;< 3 mg DA/kg;;;;Veterinarska fakulteta;
07/08/2013;0035;neg;;;neg;< 3 mg DA/kg;;;;Veterinarska fakulteta;
07/08/2013;0024;neg;;;neg;x;;;;Veterinarska fakulteta;
14/08/2013;0024;neg;;;x;neg;;;;Veterinarska fakulteta;
14/08/2013;0DB2;neg;;;neg;x;;;;Veterinarska fakulteta;
20/08/2013;0DB2;neg;;;x;neg;;;;Veterinarska fakulteta;
22/08/2013;0035;neg;;;neg;< 3 mg DA/kg;;;;Veterinarska fakulteta;
28/08/2013;0024;neg;;;neg;neg;;;;Veterinarska fakulteta;
29/08/2013;0DB2;neg;;;neg;neg;;;;Veterinarska fakulteta;
03/09/2013;0035;neg;;;x;< 3 mg DA/kg;;;;Veterinarska fakulteta;
04/09/2013;0024;neg;;;neg;neg;;;;Veterinarska fakulteta;
18/09/2013;0035;neg;;;neg;< 3 mg DA/kg;;;;Veterinarska fakulteta;
18/09/2013;0024;neg;;;neg;neg;;;;Veterinarska fakulteta;
18/09/2013;0DB2;neg;;;x;neg;;;;Veterinarska fakulteta;
25/09/2013;0035;neg;;;x;x;;;;Veterinarska fakulteta;
25/09/2013;0024;neg;;;neg;x;;;;Veterinarska fakulteta;
25/09/2013;0DB2;neg;;;x;x;;;;Veterinarska fakulteta;
07/10/2013;0035;poz;;;neg;< 3 mg DA/kg;;;;Veterinarska fakulteta;analiza CRM, rezultat OA + derivati na meji (155+-29), meja 160
08/10/2013;0024;poz;;;neg;neg;;;;Veterinarska fakulteta;"LJ (>32 OA), nato pošljejo v CRM (OA: 135+-25; pekteno:<40; yesso 0.43 - neg)"
09/10/2013;0DB2;poz;;;x;neg;;;;Veterinarska fakulteta;na meji (CRM- OA + derivati 132+-24)
17/10/2013;0035;neg;;;neg;< 3 mg DA/kg;;;;Veterinarska fakulteta;analiza CRM za lipofilne
17/10/2013;0024;neg;;;neg;neg;;;;Veterinarska fakulteta;CRM OA+ derivati 73
22/10/2013;0035;;;;;;;y;;Veterinarska fakulteta;
22/10/2013;0024;;;;;;;y;;Veterinarska fakulteta;
22/10/2013;0DB2;;;;;;;y;;Veterinarska fakulteta;
23/10/2013;0035;neg;;;x;< 3 mg DA/kg;;;;Veterinarska fakulteta;analiza CRM za lipofilne
23/10/2013;0024;neg;;;x;neg;;;;Veterinarska fakulteta;
23/10/2013;0DB2;neg;;;x;neg;;;;Veterinarska fakulteta;CRM (OA + derivati 65)
29/10/2013;0035;;;;;;;;y;Veterinarska fakulteta;
29/10/2013;0024;;;;;;;;y;Veterinarska fakulteta;
29/10/2013;0DB2;;;;;;;;y;Veterinarska fakulteta;
04/11/2013;0035;neg;;;x;< 3 mg DA/kg;;;;Veterinarska fakulteta;
05/11/2013;0024;poz;;;x;neg;;;;Veterinarska fakulteta;LJ (>32), CRM (212 OA + derivati)
05/11/2013;0DB2;poz;;;x;neg;;;;Veterinarska fakulteta;CRM (OA + derivati 404) !!!
13/11/2013;0DB2;;;;;;;y;;Veterinarska fakulteta;
14/11/2013;0024;;;;;;;y;;Veterinarska fakulteta;
18/11/2013;0035;;;;;;;y;;Veterinarska fakulteta;
19/11/2013;0035;neg;;;x;< 3 mg DA/kg;;;;Veterinarska fakulteta;analiza CRM za lipofilne
19/11/2013;0024;neg;;;x;x;;;;Veterinarska fakulteta;CRM
19/11/2013;0DB2;neg;;;x;neg;;;;Veterinarska fakulteta;
27/11/2013;0035;neg;;;neg;x;;;;Veterinarska fakulteta;
05/12/2013;0035;neg;;;x;< 3 mg DA/kg;;;;Veterinarska fakulteta;
05/12/2013;0024;neg;;;x;x;;;;Veterinarska fakulteta;LJ
05/12/2013;0DB2;niso več delali analiz, ker nimajo školjk konzumne velikosti;;;;;;;;Veterinarska fakulteta;
06/12/2013;0035;;;;;;;;y;Veterinarska fakulteta;
13/12/2013;0024;;;;;;;;y;Veterinarska fakulteta;
13/12/2013;0DB2;;;;;;;;y;Veterinarska fakulteta;
24/12/2013;0035;neg;;;;< 3 mg DA/kg;;;;Veterinarska fakulteta;
24/12/2013;0024;neg;;;x;neg;;;;Veterinarska fakulteta;
24/12/2013;0DB2;;;;;;;;;Veterinarska fakulteta;
11/03/2014;0024;< MD;< MD;< MD;x;x;;;;Veterinarska fakulteta;
13/03/2014;0035;< MD;< MD;< MD;x;x;;;;Veterinarska fakulteta;
20/03/2014;0DB2;< MD;< MD;< MD;x;x;;;;Veterinarska fakulteta;
10/04/2014;0035;< MD;33;< MD;< MD;< MD;;;;Veterinarska fakulteta;
10/04/2014;0024;< MD;48;< MD;< MD;< MD;;;;Veterinarska fakulteta;
10/04/2014;0DB2;< MD;59;< MD;< MD;< MD;;;;Veterinarska fakulteta;
17/04/2014;0035;< MD;< MD;< MD;< MD;x;;;;Veterinarska fakulteta;
17/04/2014;0024;< MD;< MD;< MD;< MD;x;;;;Veterinarska fakulteta;
22/04/2014;0DB2;< MD;< MD;< MD;< MD;x;;;;Veterinarska fakulteta;
23/04/2014;0035;< MD;< MD;< MD;x;x;;;;Veterinarska fakulteta;
24/04/2014;0024;< MD;< MD;< MD;x;x;;;;Veterinarska fakulteta;
28/04/2014;0DB2;< MD;< MD;< MD;x;x;;;;Veterinarska fakulteta;
13/05/2014;0035;< MD;< MD;< MD;< MD;< MD;;;;Veterinarska fakulteta;
13/05/2014;0024;< MD;< MD;< MD;< MD;< MD;;;;Veterinarska fakulteta;
14/05/2014;0DB2;< MD;< MD;< MD;< MD;< MD;;;;Veterinarska fakulteta;
21/05/2014;0035;< MD;< MD;< MD;< MD;x;;;;Veterinarska fakulteta;
21/05/2014;0024;< MD;< MD;< MD;< MD;x;0.29 mg/kg;;;Veterinarska fakulteta;
21/05/2014;0DB2;< MD;< MD;< MD;< MD;x;;;;Veterinarska fakulteta;
29/05/2014;0035;< MD;< MD;< MD;x;x;;;;Veterinarska fakulteta;
29/05/2014;0024;< MD;70;< MD;x;x;;;;Veterinarska fakulteta;
29/05/2014;0DB2;< MD;53;< MD;x;x;;;;Veterinarska fakulteta;
05/06/2014;0035;< MD;< MD;< MD;< MD;< MD;;;;Veterinarska fakulteta;
05/06/2014;0024;< MD;< MD;< MD;< MD;< MD;;;;Veterinarska fakulteta;
05/06/2014;0DB2;< MD;< MD;< MD;< MD;< MD;;;;Veterinarska fakulteta;
11/06/2014;0035;< MD;< MD;< MD;x;< MD;;;;Veterinarska fakulteta;
19/06/2014;0035;< MD;< MD;< MD;x;< MD;;;;Veterinarska fakulteta;
19/06/2014;0024;< MD;< MD;< MD;x;< MD;;;;Veterinarska fakulteta;
19/06/2014;0DB2;< MD;< MD;< MD;x;< MD;;;;Veterinarska fakulteta;
26/06/2014;0035;< MD;< MD;< MD;x;x;;;;Veterinarska fakulteta;
26/06/2014;0024;< MD;< MD;< MD;x;x;;;;Veterinarska fakulteta;
26/06/2014;0DB2;< MD;< MD;< MD;x;x;;;;Veterinarska fakulteta;
10/07/2014;0035;< MD;< MD;< MD;x;< MD;;;;Veterinarska fakulteta;
10/07/2014;0024;< MD;< MD;< MD;x;< MD;;;;Veterinarska fakulteta;
10/07/2014;0DB2;< MD;< MD;< MD;x;< MD;;;;Veterinarska fakulteta;
15/07/2014;0035;< MD;< MD;< MD;< MD;< MD;;;;Veterinarska fakulteta;
15/07/2014;0024;< MD;< MD;< MD;< MD;< MD;;;;Veterinarska fakulteta;
15/07/2014;0DB2;< MD;< MD;< MD;< MD;< MD;;;;Veterinarska fakulteta;
19/07/2014;0DB2;< MD;< MD;< MD;x;< MD;;;;Veterinarska fakulteta;
24/07/2014;0035;< MD;< MD;< MD;x;< MD;;;;Veterinarska fakulteta;
24/07/2014;0024;< MD;< MD;< MD;x;< MD;;;;Veterinarska fakulteta;
04/08/2014;0035;< MD;< MD;< MD;x;< MD;;;;Veterinarska fakulteta;
04/08/2014;0DB2;< MD;< MD;< MD;x;< MD;;;;Veterinarska fakulteta;
05/08/2014;0024;< MD;< MD;< MD;x;< MD;;;;Veterinarska fakulteta;
12/08/2014;0DB2;< MD;< MD;< MD;< MD;< MD;;;;Veterinarska fakulteta;
13/08/2014;0035;< MD;< MD;< MD;< MD;< MD;;;;Veterinarska fakulteta;
13/08/2014;0024;< MD;< MD;< MD;< MD;< MD;;;;Veterinarska fakulteta;
28/08/2014;0035;< MD;< MD;< MD;x;< MD;;;;Veterinarska fakulteta;
28/08/2014;0024;< MD;< MD;< MD;x;< MD;;;;Veterinarska fakulteta;
28/08/2014;0DB2;< MD;< MD;< MD;x;< MD;;;;Veterinarska fakulteta;
09/09/2014;0035;< MD;< MD;< MD;< MD;< MD;;;;Veterinarska fakulteta;
09/09/2014;0024;< MD;< MD;< MD;< MD;< MD;;;;Veterinarska fakulteta;
09/09/2014;0DB2;< MD;< MD;< MD;< MD;< MD;;;;Veterinarska fakulteta;
17/09/2014;0035;< MD;< MD;< MD;x;< MD;;;;Veterinarska fakulteta;
18/09/2014;0024;< MD;< MD;< MD;x;< MD;;;;Veterinarska fakulteta;
18/09/2014;0DB2;< MD;< MD;< MD;x;< MD;;;;Veterinarska fakulteta;
25/09/2014;0035;< MD;< MD;< MD;x;< MD;;;;Veterinarska fakulteta;
25/09/2014;0024;< MD;< MD;< MD;x;< MD;;;;Veterinarska fakulteta;
25/09/2014;0DB2;< MD;< MD;< MD;x;< MD;;;;Veterinarska fakulteta;
09/10/2014;0035;< MD;< MD;< MD;x;< MD;;;;Veterinarska fakulteta;
09/10/2014;0024;< MD;< MD;< MD;x;< MD;;;;Veterinarska fakulteta;
09/10/2014;0DB2;< MD;< MD;< MD;x;< MD;;;;Veterinarska fakulteta;
28/10/2014;0024;< MD;74;< MD;< MD;< MD;;;;Veterinarska fakulteta;
28/10/2014;0DB2;< MD;< MD;< MD;< MD;< MD;;;;Veterinarska fakulteta;
29/10/2014;0035;< MD;< MD;< MD;< MD;< MD;;;;Veterinarska fakulteta;
06/11/2014;0035;< MD;< MD;< MD;x;< MD;;;;Veterinarska fakulteta;
06/11/2014;0DB2;< MD;< MD;< MD;x;< MD;;;;Veterinarska fakulteta;
10/11/2014;0024;< MD;< MD;< MD;x;x;;;;Veterinarska fakulteta;
20/11/2014;0035;< MD;< MD;< MD;x;< MD;;;;Veterinarska fakulteta;
20/11/2014;0024;< MD;< MD;< MD;x;< MD;;;;Veterinarska fakulteta;
20/11/2014;0DB2;< MD;< MD;< MD;x;< MD;;;;Veterinarska fakulteta;
26/11/2014;0035;< MD;< MD;< MD;< MD;< MD;;;;Veterinarska fakulteta;
26/11/2014;0024;< MD;< MD;< MD;< MD;< MD;;;;Veterinarska fakulteta;
26/11/2014;0DB2;< MD;< MD;< MD;< MD;< MD;;;;Veterinarska fakulteta;
20/12/2014;0035;< MD;< MD;< MD;x;< MD;;;;Veterinarska fakulteta;
07/01/2015;0024;< MD;< MD;< MD;x;< MD;;;;Veterinarska fakulteta;
07/01/2015;0DB2;< MD;< MD;< MD;x;< MD;;;;Veterinarska fakulteta;
25/03/2015;0035;< MD;< MD;< MD;x;x;;;;Veterinarska fakulteta;
25/03/2015;0024;< MD;< MD;< MD;x;x;;;;Veterinarska fakulteta;
25/03/2015;0DB2;< MD;< MD;< MD;x;x;;;;Veterinarska fakulteta;
08/04/2015;0035;< MD;< MD;< MD;< MD;< MD;;;;Veterinarska fakulteta;
08/04/2015;0024;< MD;< MD;< MD;< MD;< MD;;;;Veterinarska fakulteta;
08/04/2015;0DB2;< MD;< MD;< MD;< MD;< MD;;;;Veterinarska fakulteta;
14/04/2015;0035;< MD;< MD;< MD;x;< MD;;;;Veterinarska fakulteta;
15/04/2015;0024;< MD;< MD;< MD;x;< MD;;;;Veterinarska fakulteta;
15/04/2015;0DB2;< MD;< MD;< MD;x;< MD;;;;Veterinarska fakulteta;
22/04/2015;0035;< MD;< MD;< MD;< MD;x;;;;Veterinarska fakulteta;
22/04/2015;0024;< MD;< MD;< MD;< MD;x;;;;Veterinarska fakulteta;
22/04/2015;0DB2;< MD;< MD;< MD;< MD;x;;;;Veterinarska fakulteta;
05/05/2015;0035;< MD;< MD;< MD;< MD;< MD;;;;Veterinarska fakulteta;
05/05/2015;0024;< MD;< MD;< MD;< MD;< MD;;;;Veterinarska fakulteta;
06/05/2015;0DB2;< MD;< MD;< MD;< MD;< MD;;;;Veterinarska fakulteta;
13/05/2015;0035;< MD;< MD;< MD;< MD;x;;;;Veterinarska fakulteta;
13/05/2015;0024;< MD;< MD;< MD;< MD;x;;;;Veterinarska fakulteta;
13/05/2015;0DB2;< MD;< MD;< MD;< MD;x;;;;Veterinarska fakulteta;
19/05/2015;0035;< MD;< MD;< MD;< MD;x;;;;Veterinarska fakulteta;
19/05/2015;0024;< MD;< MD;< MD;< MD;x;;;;Veterinarska fakulteta;
19/05/2015;0DB2;< MD;< MD;< MD;< MD;x;;;;Veterinarska fakulteta;
23/05/2015;0035;< MD;< MD;< MD;x;x;;;;Veterinarska fakulteta;
09/06/2015;0035;< MD;< MD;< MD;< MD;< MD;;;;Veterinarska fakulteta;
09/06/2015;0024;< MD;< MD;< MD;< MD;< MD;;;;Veterinarska fakulteta;
09/06/2015;0DB2;< MD;< MD;< MD;< MD;< MD;;;;Veterinarska fakulteta;
16/06/2015;0024;< MD;< MD;< MD;x;< MD;;;;Veterinarska fakulteta;
16/06/2015;0DB2;< MD;< MD;< MD;x;< MD;;;;Veterinarska fakulteta;
17/06/2015;0035;< MD;< MD;< MD;x;< MD;;;;Veterinarska fakulteta;
23/06/2015;0024;< MD;< MD;< MD;x;x;;;;Veterinarska fakulteta;
23/06/2015;0DB2;< MD;< MD;< MD;x;x;;;;Veterinarska fakulteta;
07/07/2015;0035;< MD;< MD;< MD;< MD;< MD;;;;Veterinarska fakulteta;
07/07/2015;0024;< MD;< MD;< MD;< MD;< MD;;;;Veterinarska fakulteta;
07/07/2015;0DB2;< MD;< MD;< MD;< MD;< MD;;;;Veterinarska fakulteta;
16/07/2015;0035;< MD;< MD;< MD;x;< MD;;;;Veterinarska fakulteta;
16/07/2015;0024;< MD;< MD;< MD;x;< MD;;;;Veterinarska fakulteta;
16/07/2015;0DB2;< MD;< MD;< MD;x;< MD;;;;Veterinarska fakulteta;
28/07/2015;0035;< MD;< MD;< MD;x;x;;;;Veterinarska fakulteta;
28/07/2015;0024;< MD;< MD;< MD;x;x;;;;Veterinarska fakulteta;
29/07/2015;0DB2;< MD;< MD;< MD;x;x;;;;Veterinarska fakulteta;
10/08/2015;0024;< MD;< MD;< MD;< MD;< MD;;;;Veterinarska fakulteta;
10/08/2015;0DB2;< MD;< MD;< MD;< MD;< MD;;;;Veterinarska fakulteta;
11/08/2015;0035;< MD;< MD;< MD;< MD;< MD;;;;Veterinarska fakulteta;
19/08/2015;0035;< MD;< MD;< MD;x;< MD;;;;Veterinarska fakulteta;
19/08/2015;0024;< MD;< MD;< MD;x;< MD;;;;Veterinarska fakulteta;
19/08/2015;0DB2;< MD;< MD;< MD;x;< MD;;;;Veterinarska fakulteta;
27/08/2015;0024;< MD;< MD;< MD;x;x;;;;Veterinarska fakulteta;
27/08/2015;0DB2;< MD;< MD;< MD;x;x;;;;Veterinarska fakulteta;
17/09/2015;0035;< MD;43;< MD;< MD;< MD;;;;Veterinarska fakulteta;
17/09/2015;0024;< MD;65;< MD;< MD;< MD;;;;Veterinarska fakulteta;
17/09/2015;0DB2;< MD;57;< MD;< MD;< MD;;;;Veterinarska fakulteta;
05/10/2015;0035;< MD;157;< MD;x;< MD;;;;Veterinarska fakulteta;
05/10/2015;0024;< MD;259;< MD;x;< MD;;;;Veterinarska fakulteta;
05/10/2015;0DB2;< MD;112;< MD;x;< MD;;;;Veterinarska fakulteta;
12/10/2015;0035;< MD;104;< MD;x;< MD;;;;Veterinarska fakulteta;
13/10/2015;0024;< MD;88;< MD;x;x;;y;;Veterinarska fakulteta;
13/10/2015;0DB2;< MD;58;< MD;x;< MD;;;;Veterinarska fakulteta;
21/10/2015;0035;< MD;178;< MD;x;< MD;;;;Veterinarska fakulteta;A
21/10/2015;0024;< MD;266;< MD;x;< MD;;;;Veterinarska fakulteta;
30/10/2015;0035;;;;;;;y;;Veterinarska fakulteta;
30/10/2015;0DB2;;;;;;;y;;Veterinarska fakulteta;
05/11/2015;0035;< MD;101;< MD;x;< MD;;;;Veterinarska fakulteta;
05/11/2015;0024;< MD;121;< MD;x;< MD;;;;Veterinarska fakulteta;A
05/11/2015;0DB2;< MD;126;< MD;x;< MD;;;;Veterinarska fakulteta;
12/11/2015;0035;< MD;61;< MD;x;< MD;;;;Veterinarska fakulteta;
12/11/2015;0024;< MD;48;< MD;x;< MD;;;;Veterinarska fakulteta;
12/11/2015;0DB2;< MD;48;< MD;x;< MD;;;;Veterinarska fakulteta;
19/11/2015;0035;;;;;;;;y;Veterinarska fakulteta;
19/11/2015;0024;;;;;;;;y;Veterinarska fakulteta;
19/11/2015;0DB2;;;;;;;;y;Veterinarska fakulteta;
25/11/2015;0035;< MD;301;< MD;< MD;x;;;;Veterinarska fakulteta;A
25/11/2015;0024;< MD;171;< MD;< MD;x;;;;Veterinarska fakulteta;
25/11/2015;0DB2;< MD;112;< MD;< MD;x;;;;Veterinarska fakulteta;
30/11/2015;0035;;;;;;;y;;Veterinarska fakulteta;
30/11/2015;0024;;;;;;;y;;Veterinarska fakulteta;
08/12/2015;0035;< MD;86;< MD;x;x;;;;Veterinarska fakulteta;
08/12/2015;0024;< MD;120;< MD;x;x;;;;Veterinarska fakulteta;
08/12/2015;0DB2;< MD;38;< MD;x;x;;;;Veterinarska fakulteta;
17/12/2015;0035;< MD;61;< MD;x;x;;;;Veterinarska fakulteta;
17/12/2015;0024;< MD;66;< MD;x;x;;;;Veterinarska fakulteta;
23/12/2015;0035;;;;;;;;y;Veterinarska fakulteta;
23/12/2015;0024;;;;;;;;y;Veterinarska fakulteta;
30/03/2016;0035;< MD;< MD;< MD;x;x;;;;Veterinarska fakulteta;
30/03/2016;0024;< MD;< MD;< MD;x;x;;;;Veterinarska fakulteta;
30/03/2016;0DB2;< MD;< MD;< MD;x;x;;;;Veterinarska fakulteta;
12/04/2016;0035;< MD;< MD;< MD;< MD;< MD;;;;Veterinarska fakulteta;
12/04/2016;0024;< MD;< MD;< MD;< MD;< MD;;;;Veterinarska fakulteta;
12/04/2016;0DB2;< MD;< MD;< MD;< MD;< MD;;;;Veterinarska fakulteta;
21/04/2016;0035;< MD;< MD;< MD;< MD;x;;;;Veterinarska fakulteta;
21/04/2016;0024;< MD;< MD;< MD;< MD;x;;;;Veterinarska fakulteta;
21/04/2016;0DB2;< MD;< MD;< MD;< MD;x;;;;Veterinarska fakulteta;
28/04/2016;0035;< MD;< MD;< MD;< MD;x;;;;Veterinarska fakulteta;
28/04/2016;0024;< MD;< MD;< MD;< MD;x;;;;Veterinarska fakulteta;
28/04/2016;0DB2;< MD;< MD;< MD;< MD;x;;;;Veterinarska fakulteta;
05/05/2016;0035;< MD;< MD;< MD;< MD;< MD;;;;Veterinarska fakulteta;
05/05/2016;0024;< MD;< MD;< MD;< MD;< MD;;;;Veterinarska fakulteta;
05/05/2016;0DB2;< MD;< MD;< MD;< MD;< MD;;;;Veterinarska fakulteta;
18/05/2016;0035;< MD;< MD;< MD;< MD;x;;;;Veterinarska fakulteta;
18/05/2016;0024;< MD;< MD;< MD;< MD;x;;;;Veterinarska fakulteta;
18/05/2016;0DB2;< MD;< MD;< MD;< MD;x;;;;Veterinarska fakulteta;
24/05/2016;0035;< MD;< MD;< MD;< MD;x;;;;Veterinarska fakulteta;
24/05/2016;0024;< MD;< MD;< MD;< MD;x;;;;Veterinarska fakulteta;
24/05/2016;0DB2;< MD;< MD;< MD;< MD;x;;;;Veterinarska fakulteta;
01/06/2016;0035;< MD;< MD;< MD;< MD;< MD;;;;Veterinarska fakulteta;
01/06/2016;0024;< MD;< MD;< MD;< MD;< MD;;;;Veterinarska fakulteta;
01/06/2016;0DB2;< MD;< MD;< MD;< MD;< MD;;;;Veterinarska fakulteta;
15/06/2016;0035;< MD;< MD;< MD;x;< MD;;;;Veterinarska fakulteta;
15/06/2016;0024;< MD;< MD;< MD;x;< MD;;;;Veterinarska fakulteta;
15/06/2016;0DB2;< MD;< MD;< MD;x;< MD;;;;Veterinarska fakulteta;
28/06/2016;0035;< MD;< MD;< MD;x;< MD;;;;Veterinarska fakulteta;
28/06/2016;0024;< MD;< MD;< MD;x;< MD;;;;Veterinarska fakulteta;
28/06/2016;0DB2;< MD;< MD;< MD;x;< MD;;;;Veterinarska fakulteta;
07/07/2016;0024;< MD;< MD;< MD;x;< MD;;;;Veterinarska fakulteta;
07/07/2016;0DB2;< MD;< MD;< MD;x;< MD;;;;Veterinarska fakulteta;
12/07/2016;0035;< MD;< MD;< MD;x;< MD;;;;Veterinarska fakulteta;
20/07/2016;0035;< MD;< MD;< MD;< MD;< MD;;;;Veterinarska fakulteta;
20/07/2016;0024;< MD;< MD;< MD;< MD;< MD;;;;Veterinarska fakulteta;
20/07/2016;0DB2;< MD;< MD;< MD;< MD;< MD;;;;Veterinarska fakulteta;
27/07/2016;0035;< MD;< MD;< MD;x;x;;;;Veterinarska fakulteta;
27/07/2016;0024;< MD;< MD;< MD;x;x;;;;Veterinarska fakulteta;
28/07/2016;0DB2;< MD;< MD;< MD;x;x;;;;Veterinarska fakulteta;
11/08/2016;0035;< MD;< MD;< MD;x;< MD;;;;Veterinarska fakulteta;
11/08/2016;0024;< MD;< MD;< MD;x;< MD;;;;Veterinarska fakulteta;
11/08/2016;0DB2;< MD;< MD;< MD;x;< MD;;;;Veterinarska fakulteta;
24/08/2016;0035;< MD;< MD;< MD;x;x;;;;Veterinarska fakulteta;
24/08/2016;0024;< MD;< MD;< MD;x;x;;;;Veterinarska fakulteta;
24/08/2016;0DB2;< MD;< MD;< MD;x;x;;;;Veterinarska fakulteta;
30/08/2016;0035;< MD;< MD;< MD;x;x;;;;Veterinarska fakulteta;
30/08/2016;0024;< MD;< MD;< MD;x;x;;;;Veterinarska fakulteta;
30/08/2016;0DB2;< MD;< MD;< MD;x;x;;;;Veterinarska fakulteta;
06/09/2016;0035;< MD;42;< MD;x;x;;;;Veterinarska fakulteta;
06/09/2016;0024;< MD;123;75;x;x;;;;Veterinarska fakulteta;
06/09/2016;0DB2;< MD;140;86;x;x;;;;Veterinarska fakulteta;
09/09/2016;0DB2;;;;;;;y;;Veterinarska fakulteta;
13/09/2016;0035;< MD;>320, ocena 920;< MD;x;x;;;;Veterinarska fakulteta;
13/09/2016;0024;< MD;>320, ocena 1580;< MD;x;x;;;;Veterinarska fakulteta;
13/09/2016;0DB2;< MD;>320, ocena 1880;< MD;x;x;;;;Veterinarska fakulteta;
16/09/2016;0024;;;;;;;y;;Veterinarska fakulteta;
06/10/2016;0035;< MD;109;< MD;< MD;< MD;;;;Veterinarska fakulteta;
06/10/2016;0024;< MD;230;< MD;< MD;< MD;;;;Veterinarska fakulteta;
06/10/2016;0DB2;< MD;>320, ocena 336;< MD;< MD;< MD;;;;Veterinarska fakulteta;
26/10/2016;0035;< MD;51;< MD;x;< MD;;;;Veterinarska fakulteta;
26/10/2016;0024;< MD;78;< MD;x;< MD;;;;Veterinarska fakulteta;
26/10/2016;0DB2;< MD;< MD;< MD;x;< MD;;;;Veterinarska fakulteta;
09/11/2016;0035;< MD;< MD;< MD;< MD;< MD;;;;Veterinarska fakulteta;
09/11/2016;0024;< MD;< MD;< MD;< MD;< MD;;;;Veterinarska fakulteta;
09/11/2016;0DB2;< MD;< MD;< MD;< MD;< MD;;;;Veterinarska fakulteta;
18/11/2016;0024;;;;;;;;y;Veterinarska fakulteta;
18/11/2016;0DB2;;;;;;;;y;Veterinarska fakulteta;
30/11/2016;0035;< MD;< MD;< MD;x;< MD;;;;Veterinarska fakulteta;
30/11/2016;0024;< MD;< MD;< MD;x;< MD;;;;Veterinarska fakulteta;
30/11/2016;0DB2;< MD;< MD;< MD;x;< MD;;;;Veterinarska fakulteta;
21/12/2016;0024;< MD;< MD;< MD;x;x;;;;Veterinarska fakulteta;
21/12/2016;0DB2;< MD;< MD;< MD;x;x;;;;Veterinarska fakulteta;
22/12/2016;0035;< MD;< MD;< MD;x;x;;;;Veterinarska fakulteta;
24/01/2017;0035;< MD;< MD;< MD;x;x;;;;Veterinarska fakulteta;
24/01/2017;0024;< MD;< MD;< MD;x;x;;;;Veterinarska fakulteta;
24/01/2017;0DB2;< MD;< MD;< MD;x;x;;;;Veterinarska fakulteta;
14/02/2017;0035;< MD;< MD;< MD;x;x;;;;Veterinarska fakulteta;
14/02/2017;0024;< MD;< MD;< MD;x;x;;;;Veterinarska fakulteta;
14/02/2017;0DB2;< MD;< MD;< MD;x;x;;;;Veterinarska fakulteta;
07/03/2017;0035;< MD;< MD;< MD;x;x;;;;Veterinarska fakulteta;
09/03/2017;0024;< MD;< MD;< MD;x;x;;;;Veterinarska fakulteta;
09/03/2017;0DB2;< MD;< MD;< MD;x;x;;;;Veterinarska fakulteta;
05/04/2017;0035;< MD;< MD;< MD;< MD;< MD;;;;Veterinarska fakulteta;
05/04/2017;0024;< MD;< MD;< MD;< MD;< MD;;;;Veterinarska fakulteta;
05/04/2017;0DB2;< MD;< MD;< MD;< MD;< MD;;;;Veterinarska fakulteta;
18/04/2017;0035;< MD;< MD;< MD;x;x;;;;Veterinarska fakulteta;
18/04/2017;0024;< MD;< MD;< MD;x;x;;;;Veterinarska fakulteta;
18/04/2017;0DB2;< MD;< MD;< MD;x;x;;;;Veterinarska fakulteta;
18/05/2017;0035;< MD;< MD;< MD;< MD;< MD;;;;Veterinarska fakulteta;
18/05/2017;0024;< MD;< MD;< MD;< MD;< MD;;;;Veterinarska fakulteta;
18/05/2017;0DB2;< MD;< MD;< MD;< MD;< MD;;;;Veterinarska fakulteta;
24/05/2017;0035;< MD;< MD;< MD;x;x;;;;Veterinarska fakulteta;
25/05/2017;0024;< MD;< MD;< MD;x;x;;;;Veterinarska fakulteta;
25/05/2017;0DB2;< MD;< MD;< MD;x;x;;;;Veterinarska fakulteta;
30/05/2017;0035;< MD;< MD;< MD;x;x;;;;Veterinarska fakulteta;
30/05/2017;0024;< MD;< MD;< MD;x;x;;;;Veterinarska fakulteta;
30/05/2017;0DB2;< MD;< MD;< MD;x;x;;;;Veterinarska fakulteta;
08/06/2017;0035;< MD;< MD;< MD;< MD;< MD;;;;Veterinarska fakulteta;
08/06/2017;0024;< MD;< MD;< MD;< MD;< MD;;;;Veterinarska fakulteta;
08/06/2017;0DB2;< MD;< MD;< MD;< MD;< MD;;;;Veterinarska fakulteta;
22/06/2017;0035;< MD;< MD;< MD;x;x;;;;Veterinarska fakulteta;
22/06/2017;0024;< MD;< MD;< MD;x;x;;;;Veterinarska fakulteta;
22/06/2017;0DB2;< MD;< MD;< MD;x;x;;;;Veterinarska fakulteta;
27/06/2017;0035;< MD;< MD;< MD;x;x;;;;Veterinarska fakulteta;
27/06/2017;0024;< MD;< MD;< MD;x;x;;;;Veterinarska fakulteta;
27/06/2017;0DB2;< MD;< MD;< MD;x;x;;;;Veterinarska fakulteta;
04/07/2017;0035;< MD;< MD;< MD;< MD;< MD;;;;Veterinarska fakulteta;
04/07/2017;0024;< MD;< MD;< MD;< MD;< MD;;;;Veterinarska fakulteta;
04/07/2017;0DB2;< MD;< MD;< MD;< MD;< MD;;;;Veterinarska fakulteta;
13/07/2017;0035;< MD;< MD;< MD;x;x;;;;Veterinarska fakulteta;
13/07/2017;0024;< MD;< MD;< MD;x;x;;;;Veterinarska fakulteta;
13/07/2017;0DB2;< MD;< MD;< MD;x;x;;;;Veterinarska fakulteta;
26/07/2017;0035;< MD;< MD;< MD;x;x;;;;Veterinarska fakulteta;
26/07/2017;0024;< MD;< MD;< MD;x;x;;;;Veterinarska fakulteta;
26/07/2017;0DB2;< MD;< MD;< MD;x;x;;;;Veterinarska fakulteta;
01/08/2017;0035;< MD;< MD;< MD;< MD;< MD;;;;Veterinarska fakulteta;
01/08/2017;0024;< MD;< MD;< MD;< MD;< MD;;;;Veterinarska fakulteta;
01/08/2017;0DB2;< MD;< MD;< MD;< MD;< MD;;;;Veterinarska fakulteta;
08/08/2017;0035;< MD;< MD;< MD;x;x;;;;Veterinarska fakulteta;
08/08/2017;0024;< MD;< MD;< MD;x;x;;;;Veterinarska fakulteta;
08/08/2017;0DB2;< MD;< MD;< MD;x;x;;;;Veterinarska fakulteta;
24/08/2017;0035;< MD;< MD;< MD;x;x;;;;Veterinarska fakulteta;
24/08/2017;0024;< MD;< MD;< MD;x;x;;;;Veterinarska fakulteta;
24/08/2017;0DB2;< MD;< MD;< MD;x;x;;;;Veterinarska fakulteta;
05/09/2017;0035;< MD;< MD;< MD;< MD;< MD;;;;Veterinarska fakulteta;
05/09/2017;0024;< MD;< MD;< MD;< MD;< MD;;;;Veterinarska fakulteta;
05/09/2017;0DB2;< MD;72;< MD;< MD;< MD;;;;Veterinarska fakulteta;
18/09/2017;0035;< MD;92;< MD;x;x;;;;Veterinarska fakulteta;
18/09/2017;0024;< MD;96;< MD;x;x;;;;Veterinarska fakulteta;
18/09/2017;0DB2;< MD;183;< MD;x;x;;y;;Veterinarska fakulteta;
25/09/2017;0035;< MD;163;< MD;x;x;;y;;Veterinarska fakulteta;
25/09/2017;0024;< MD;219;< MD;x;x;;y;;Veterinarska fakulteta;
03/10/2017;0035;< MD;>320, ocena 470;< MD;x;x;;;;Veterinarska fakulteta;
03/10/2017;0024;< MD;239;< MD;x;x;;;;Veterinarska fakulteta;
03/10/2017;0DB2;< MD;203;< MD;x;x;;;;Veterinarska fakulteta;
17/10/2017;0024;< MD;78;< MD;< MD;< MD;;;;Veterinarska fakulteta;
17/10/2017;0DB2;< MD;63;< MD;< MD;< MD;;;;Veterinarska fakulteta;
18/10/2017;0035;< MD;< MD;< MD;< MD;< MD;;;;Veterinarska fakulteta;
25/10/2017;0035;< MD;56;< MD;x;x;;;y;Veterinarska fakulteta;
25/10/2017;0024;< MD;72;< MD;x;x;;;y;Veterinarska fakulteta;
25/10/2017;0DB2;< MD;90;< MD;x;x;;;y;Veterinarska fakulteta;
02/11/2017;0035;< MD;58;< MD;< MD;< MD;;;;Veterinarska fakulteta;
02/11/2017;0024;< MD;85;< MD;< MD;< MD;;;;Veterinarska fakulteta;
09/11/2017;0DB2;< MD;61;< MD;< MD;< MD;;;;Veterinarska fakulteta;
23/11/2017;0035;< MD;< MD;< MD;x;x;;;;Veterinarska fakulteta;
23/11/2017;0024;< MD;< MD;< MD;x;x;;;;Veterinarska fakulteta;
23/11/2017;0DB2;< MD;< MD;< MD;x;x;;;;Veterinarska fakulteta;
05/12/2017;0035;< MD;< MD;< MD;x;x;;;;Veterinarska fakulteta;
05/12/2017;0024;< MD;< MD;< MD;x;x;;;;Veterinarska fakulteta;
05/12/2017;0DB2;< MD;< MD;< MD;x;< MD;;;;Veterinarska fakulteta;
27/12/2017;0035;< MD;< MD;< MD;x;x;;;;Veterinarska fakulteta;
27/12/2017;0024;< MD;< MD;< MD;x;x;;;;Veterinarska fakulteta;
27/12/2017;0DB2;< MD;< MD;< MD;x;x;;;;Veterinarska fakulteta;
25/01/2018;0035;< MD;< MD;< MD;x;x;;;;Veterinarska fakulteta;
25/01/2018;0024;< MD;< MD;< MD;x;x;;;;Veterinarska fakulteta;
25/01/2018;0DB2;< MD;< MD;< MD;x;x;;;;Veterinarska fakulteta;
06/03/2018;0035;< MD;< MD;< MD;x;x;;;;Veterinarska fakulteta;
06/03/2018;0024;< MD;< MD;< MD;x;x;;;;Veterinarska fakulteta;
06/03/2018;0DB2;< MD;< MD;< MD;x;x;;;;Veterinarska fakulteta;
29/03/2018;0024;< MD;< MD;< MD;x;x;;;;Veterinarska fakulteta;
29/03/2018;0DB2;< MD;< MD;< MD;x;x;;;;Veterinarska fakulteta;
11/04/2018;0035;< MD;< MD;< MD;x;x;;;;Veterinarska fakulteta;
11/04/2018;0024;< MD;< MD;< MD;x;x;;;;Veterinarska fakulteta;
11/04/2018;0DB2;< MD;< MD;< MD;x;x;;;;Veterinarska fakulteta;
25/04/2018;0035;< MD;< MD;< MD;< MD;< MD;;;;Veterinarska fakulteta;
25/04/2018;0024;< MD;< MD;< MD;< MD;< MD;;;;Veterinarska fakulteta;
25/04/2018;0DB2;< MD;< MD;< MD;< MD;< MD;;;;Veterinarska fakulteta;
08/05/2018;0035;< MD;< MD;< MD;< MD;< MD;;;;Veterinarska fakulteta;
08/05/2018;0024;< MD;< MD;< MD;< MD;< MD;;;;Veterinarska fakulteta;
08/05/2018;0DB2;< MD;< MD;< MD;< MD;< MD;;;;Veterinarska fakulteta;
15/05/2018;0024;< MD;< MD;< MD;x;x;;;;Veterinarska fakulteta;
15/05/2018;0DB2;< MD;< MD;< MD;x;x;;;;Veterinarska fakulteta;
22/05/2018;0035;< MD;< MD;< MD;x;x;;;;Veterinarska fakulteta;
31/05/2018;0035;< MD;< MD;< MD;x;x;;;;Veterinarska fakulteta;
31/05/2018;0024;< MD;< MD;< MD;x;x;;;;Veterinarska fakulteta;
31/05/2018;0DB2;< MD;< MD;< MD;x;x;;;;Veterinarska fakulteta;
07/06/2018;0035;< MD;< MD;< MD;< MD;< MD;;;;Veterinarska fakulteta;
07/06/2018;0024;< MD;< MD;< MD;< MD;< MD;;;;Veterinarska fakulteta;
07/06/2018;0DB2;< MD;< MD;< MD;< MD;< MD;;;;Veterinarska fakulteta;
19/06/2018;0035;< MD;< MD;< MD;x;x;;;;Veterinarska fakulteta;
19/06/2018;0024;< MD;< MD;< MD;x;x;;;;Veterinarska fakulteta;
19/06/2018;0DB2;< MD;< MD;< MD;x;x;;;;Veterinarska fakulteta;
28/06/2018;0035;< MD;< MD;< MD;x;x;;;;Veterinarska fakulteta;
28/06/2018;0024;< MD;< MD;< MD;x;x;;;;Veterinarska fakulteta;
28/06/2018;0DB2;< MD;< MD;< MD;x;x;;;;Veterinarska fakulteta;
10/07/2018;0035;< MD;< MD;< MD;< MD;< MD;;;;Veterinarska fakulteta;
10/07/2018;0024;< MD;< MD;< MD;< MD;< MD;;;;Veterinarska fakulteta;
10/07/2018;0DB2;< MD;< MD;< MD;< MD;< MD;;;;Veterinarska fakulteta;
19/07/2018;0035;< MD;< MD;< MD;x;x;;;;Veterinarska fakulteta;
19/07/2018;0024;< MD;< MD;< MD;x;x;;;;Veterinarska fakulteta;
19/07/2018;0DB2;< MD;< MD;< MD;x;x;;;;Veterinarska fakulteta;
24/07/2018;0035;< MD;< MD;< MD;x;x;;;;Veterinarska fakulteta;
24/07/2018;0024;< MD;< MD;< MD;x;x;;;;Veterinarska fakulteta;
24/07/2018;0DB2;< MD;< MD;< MD;x;x;;;;Veterinarska fakulteta;
01/08/2018;0035;< MD;< MD;< MD;< MD;< MD;;;;Veterinarska fakulteta;
01/08/2018;0024;< MD;< MD;< MD;< MD;< MD;;;;Veterinarska fakulteta;
01/08/2018;0DB2;< MD;< MD;< MD;< MD;< MD;;;;Veterinarska fakulteta;
13/08/2018;0035;< MD;< MD;< MD;x;x;;;;Veterinarska fakulteta;
13/08/2018;0024;< MD;< MD;< MD;x;x;;;;Veterinarska fakulteta;
13/08/2018;0DB2;< MD;< MD;< MD;x;x;;;;Veterinarska fakulteta;
27/08/2018;0035;< MD;< MD;< MD;x;x;;;;Veterinarska fakulteta;
27/08/2018;0024;< MD;< MD;< MD;x;x;;;;Veterinarska fakulteta;
27/08/2018;0DB2;< MD;< MD;< MD;x;x;;;;Veterinarska fakulteta;
12/09/2018;0035;< MD;< MD;< MD;< MD;< MD;;;;Veterinarska fakulteta;
12/09/2018;0024;< MD;< MD;< MD;< MD;< MD;;;;Veterinarska fakulteta;
12/09/2018;0DB2;< MD;< MD;< MD;< MD;< MD;;;;Veterinarska fakulteta;
19/09/2018;0024;< MD;< MD;< MD;x;x;;;;Veterinarska fakulteta;
20/09/2018;0035;< MD;< MD;< MD;x;x;;;;Veterinarska fakulteta;
20/09/2018;0DB2;< MD;< MD;< MD;x;x;;;;Veterinarska fakulteta;
28/09/2018;0035;< MD;< MD;< MD;x;x;;;;Veterinarska fakulteta;
28/09/2018;0024;< MD;< MD;< MD;x;x;;;;Veterinarska fakulteta;
28/09/2018;0DB2;< MD;< MD;< MD;x;x;;;;Veterinarska fakulteta;
09/10/2018;0035;< MD;< MD;< MD;< MD;< MD;;;;Veterinarska fakulteta;
09/10/2018;0024;< MD;< MD;< MD;< MD;< MD;;;;Veterinarska fakulteta;
09/10/2018;0DB2;< MD;< MD;< MD;< MD;< MD;;;;Veterinarska fakulteta;
18/10/2018;0035;< MD;< MD;< MD;x;x;;;;Veterinarska fakulteta;
18/10/2018;0024;< MD;< MD;< MD;x;x;;;;Veterinarska fakulteta;
18/10/2018;0DB2;< MD;< MD;< MD;x;x;;;;Veterinarska fakulteta;
06/11/2018;0035;< MD;< MD;< MD;< MD;< MD;;;;Veterinarska fakulteta;
06/11/2018;0024;< MD;< MD;< MD;< MD;< MD;;;;Veterinarska fakulteta;
06/11/2018;0DB2;< MD;< MD;< MD;< MD;< MD;;;;Veterinarska fakulteta;
27/11/2018;0035;< MD;< MD;< MD;x;x;;;;Veterinarska fakulteta;
27/11/2018;0024;< MD;< MD;< MD;x;x;;;;Veterinarska fakulteta;
27/11/2018;0DB2;< MD;< MD;< MD;x;x;;;;Veterinarska fakulteta;
07/12/2018;0024;< MD;< MD;< MD;x;x;;;;Veterinarska fakulteta;
07/12/2018;0DB2;< MD;< MD;< MD;x;x;;;;Veterinarska fakulteta;
17/05/2019;0024;< MD;< MD;< MD;< MD;< MD;;;;Veterinarska fakulteta;
06/06/2019;0035;< MD;< MD;< MD;< MD;< MD;;;;Veterinarska fakulteta;
06/06/2019;0024;< MD;< MD;< MD;< MD;< MD;;;;Veterinarska fakulteta;
06/06/2019;0DB2;< MD;< MD;< MD;< MD;< MD;;;;Veterinarska fakulteta;
18/06/2019;0035;< MD;< MD;< MD;x;x;;;;Veterinarska fakulteta;
18/06/2019;0024;< MD;< MD;< MD;x;x;;;;Veterinarska fakulteta;
18/06/2019;0DB2;< MD;< MD;< MD;x;x;;;;Veterinarska fakulteta;
27/06/2019;0035;< MD;< MD;< MD;x;x;;;;Veterinarska fakulteta;
27/06/2019;0024;< MD;< MD;< MD;x;x;;;;Veterinarska fakulteta;
27/06/2019;0DB2;< MD;< MD;< MD;x;x;;;;Veterinarska fakulteta;
03/07/2019;0035;< MD;< MD;< MD;< MD;< MD;;;;Veterinarska fakulteta;
03/07/2019;0024;< MD;< MD;< MD;< MD;< MD;;;;Veterinarska fakulteta;
03/07/2019;0DB2;< MD;< MD;< MD;< MD;< MD;;;;Veterinarska fakulteta;
10/07/2019;0035;< MD;< MD;< MD;x;x;;;;Veterinarska fakulteta;
10/07/2019;0024;< MD;< MD;< MD;x;x;;;;Veterinarska fakulteta;
10/07/2019;0DB2;< MD;< MD;< MD;x;x;;;;Veterinarska fakulteta;
23/07/2019;0035;< MD;< MD;< MD;x;x;;;;Veterinarska fakulteta;
23/07/2019;0024;< MD;< MD;< MD;x;x;;;;Veterinarska fakulteta;
23/07/2019;0DB2;< MD;< MD;< MD;x;x;;;;Veterinarska fakulteta;
31/07/2019;0035;< MD;< MD;< MD;x;x;;;;Veterinarska fakulteta;
31/07/2019;0024;< MD;< MD;< MD;x;x;;;;Veterinarska fakulteta;
31/07/2019;0DB2;< MD;< MD;< MD;x;x;;;;Veterinarska fakulteta;
22/08/2019;0035;< MD;< MD;< MD;x;x;;;;Veterinarska fakulteta;
22/08/2019;0024;< MD;< MD;< MD;x;x;;;;Veterinarska fakulteta;
22/08/2019;0DB2;< MD;< MD;< MD;x;x;;;;Veterinarska fakulteta;
29/08/2019;0035;< MD;< MD;< MD;x;x;;;;Veterinarska fakulteta;
29/08/2019;0024;< MD;< MD;< MD;x;x;;;;Veterinarska fakulteta;
29/08/2019;0DB2;< MD;< MD;< MD;x;x;;;;Veterinarska fakulteta;
10/09/2019;0035;< MD;132;< MD;< MD;< MD;;;;Veterinarska fakulteta;
10/09/2019;0024;< MD;54;< MD;< MD;< MD;;;;Veterinarska fakulteta;
10/09/2019;0DB2;< MD;>240, ocena 510;< MD;< MD;< MD;;;;Veterinarska fakulteta;
12/09/2019;0DB2;;;;;;;y;;Veterinarska fakulteta;
14/09/2019;0035;;;;;;;y;;Veterinarska fakulteta;
14/09/2019;0024;;;;;;;y;;Veterinarska fakulteta;
16/09/2019;0035;< MD;87;< MD;x;x;;;;Veterinarska fakulteta;
16/09/2019;0024;< MD;72;< MD;x;x;;;;Veterinarska fakulteta;
16/09/2019;0DB2;< MD;274;< MD;x;x;;;;Veterinarska fakulteta;
30/09/2019;0035;< MD;66;< MD;x;x;;;;Veterinarska fakulteta;
30/09/2019;0024;< MD;57;< MD;x;x;;;;Veterinarska fakulteta;
30/09/2019;0DB2;< MD;186;< MD;x;x;;;;Veterinarska fakulteta;
17/10/2019;0035;;;;;;;;y;Veterinarska fakulteta;
17/10/2019;0024;;;;;;;;y;Veterinarska fakulteta;
17/10/2019;0DB2;;;;;;;;y;Veterinarska fakulteta;
22/10/2019;0035;< MD;50;< MD;x;x;;;;Veterinarska fakulteta;
22/10/2019;0024;< MD;44;< MD;x;x;;;;Veterinarska fakulteta;
22/10/2019;0DB2;< MD;51;< MD;x;x;;;;Veterinarska fakulteta;
25/10/2019;0035;< MD;32;< MD;x;x;;;;Veterinarska fakulteta;
25/10/2019;0024;< MD;38;< MD;x;x;;;;Veterinarska fakulteta;
08/11/2019;0035;< MD;< MD;< MD;< MD;< MD;;;;Veterinarska fakulteta;
08/11/2019;0024;< MD;< MD;< MD;< MD;< MD;;;;Veterinarska fakulteta;
08/11/2019;0DB2;< MD;< MD;< MD;< MD;< MD;;;;Veterinarska fakulteta;
26/11/2019;0035;< MD;< MD;< MD;< MD;< MD;;;;Veterinarska fakulteta;
26/11/2019;0024;< MD;52;< MD;< MD;< MD;;;;Veterinarska fakulteta;
26/11/2019;0DB2;< MD;56;< MD;< MD;< MD;;;;Veterinarska fakulteta;
20/12/2019;0035;< MD;< MD;< MD;x;x;;;;Veterinarska fakulteta;
20/12/2019;0024;< MD;< MD;< MD;x;x;;;;Veterinarska fakulteta;
20/12/2019;0DB2;< MD;< MD;< MD;x;x;;;;Veterinarska fakulteta;
30/12/2019;0035;< MD;< MD;< MD;x;x;;;;Veterinarska fakulteta;
30/12/2019;0024;< MD;< MD;< MD;x;x;;;;Veterinarska fakulteta;
30/12/2019;0DB2;< MD;< MD;< MD;x;x;;;;Veterinarska fakulteta;